anime_id,members
1,1807209
6,740906
7,113766
8,15185
15,180022
16,263381
17,24483
18,178841
19,1053271
20,2769325
21,2247573
22,180525
23,4700
24,323258
25,136782
26,244647
27,181571
28,96500
29,21849
30,1757367
33,627808
45,485817
48,180317
50,157332
52,57836
53,109496
55,16216
56,17600
57,332893
58,79404
59,474632
60,223646
61,183384
62,75301
63,146686
64,201768
65,103911
66,339935
67,184656
68,266942
69,10691
71,488162
72,292039
73,257563
74,98279
75,47704
76,102120
77,64261
79,275597
80,129582
85,72534
86,41835
89,27192
90,157561
92,35458
93,166842
94,105494
95,46810
96,67876
97,172055
98,114254
99,50842
100,62964
101,294872
102,101986
103,15236
104,61435
105,23230
106,60770
107,37353
109,70101
110,19635
111,16264
112,8692
113,24424
114,136519
115,11558
116,17784
119,35383
120,530290
121,1443118
122,107783
123,117503
125,34978
126,31217
127,22040
129,54457
130,34750
131,23284
132,121024
133,116334
134,187177
135,135542
136,574766
141,11576
142,55635
143,70060
144,64903
145,224437
146,60241
147,140300
148,9201
149,138947
150,371263
152,29745
153,147435
154,359815
156,81335
157,139234
158,68402
159,18630
160,141708
161,57314
162,23580
163,7906
165,117472
166,129472
167,94497
168,81902
169,166035
170,290452
171,5682
173,40670
174,186494
175,29188
177,224930
178,32964
180,83504
181,53409
182,153053
183,14426
184,20401
185,364705
186,209029
189,262213
193,96409
195,174294
196,88467
197,24911
198,111827
200,27546
202,322739
204,27787
205,1207013
206,32194
209,68591
210,249027
218,53145
222,22041
223,1007955
225,616028
226,1481443
228,352449
229,34587
230,38102
231,7894
232,426899
233,25028
234,4239
235,339975
236,16365
237,430186
238,65937
239,244489
240,176010
241,146815
242,45104
243,118492
244,7722
245,802569
246,98999
247,24598
248,113936
249,777741
250,123936
251,111864
252,41261
253,33710
257,161065
260,27973
261,14944
263,564051
266,16455
267,186730
269,1901565
270,707379
271,13934
272,111513
273,26775
274,45683
275,21830
276,62660
277,32331
278,11669
279,37698
280,3119
282,17756
283,31872
284,14188
285,27221
286,11833
287,138294
288,110974
289,19708
290,51705
291,33450
292,21815
293,24490
294,12800
295,7546
296,23118
297,55201
298,67094
301,7583
302,48814
303,22103
306,88548
307,1437
308,20261
309,6080
310,1852
311,13081
318,29660
321,15016
322,219015
323,405928
324,37554
325,101668
326,66709
327,15035
328,8858
329,247724
330,165055
331,10783
332,4093
333,6661
334,54669
335,38367
336,12932
337,11444
338,94366
339,742124
340,24160
341,52025
342,15651
343,75365
344,10479
345,57083
346,15482
347,8132
348,18925
349,5829
350,53845
351,21234
352,20914
353,16537
354,9562
355,529111
356,925652
360,6094
364,14773
369,131538
370,11326
375,8156
379,107873
383,28629
384,352228
385,40713
386,9769
387,278280
388,26643
390,114549
392,666570
394,58594
395,160022
396,33328
397,23401
400,152785
403,31914
406,15201
407,34657
411,76908
412,76336
417,49105
419,55819
421,11925
424,31224
427,84009
435,67881
440,212358
444,27429
445,17126
446,10238
447,18694
455,32953
456,19824
457,806724
467,389697
469,176190
470,27951
471,21018
472,27041
473,7458
476,49035
477,159724
478,76049
479,115899
481,387531
482,212320
483,30834
485,11024
486,305971
487,90560
488,105273
489,61902
490,61978
495,21669
497,29772
501,20412
505,11950
506,9068
508,58573
509,38216
510,6183
511,5969
516,75472
518,8710
519,25690
521,79208
525,17676
527,616187
529,95922
530,372613
532,143591
533,8446
534,139502
535,69289
538,36561
545,3750
546,11470
550,238062
551,85495
552,394038
553,54883
554,24539
555,11997
558,70611
561,25789
563,43212
567,94239
568,38385
569,48619
573,32253
576,34573
577,8541
579,34649
580,6372
582,12649
584,90168
586,74596
587,99553
589,26477
590,26141
591,74129
592,2088
593,43698
598,9853
600,11787
603,48881
604,11910
605,7570
606,16822
607,7462
610,24135
611,4779
612,7088
613,6169
614,9735
616,4687
618,42256
620,26958
621,20579
623,6736
624,20727
626,8687
627,99498
630,11367
633,12716
634,84165
635,18853
636,11161
637,19282
646,4538
648,8180
649,23648
652,10382
653,9606
655,8092
658,101273
667,49886
668,16388
670,41297
671,8440
677,3979
678,14415
682,15141
684,5668
685,9395
687,151512
688,25403
690,39408
691,20973
693,9801
694,26675
696,78243
706,9874
708,8245
709,29244
710,111927
712,15663
714,4031
718,7474
721,165034
727,3454
729,5249
738,51540
740,155048
744,5751
749,1387
750,11699
751,4466
754,4395
763,49224
764,28437
771,7530
776,9402
782,22352
783,6867
786,4922
789,46182
790,631700
795,45449
798,14444
799,6675
800,36916
801,223226
810,3712
812,33453
813,1194629
817,10208
831,23597
832,3375
833,13680
835,9299
836,24672
838,35453
840,19061
841,26547
845,77546
846,159292
849,900552
850,66762
852,24557
853,1097451
854,22165
855,140479
856,168405
857,347459
858,4815
859,86762
860,43665
861,313980
863,37056
865,5753
872,29867
873,73617
874,194461
876,27119
877,636209
878,33916
879,42167
880,65777
886,50801
888,22085
889,978767
890,21230
907,63839
909,14125
910,24212
912,6804
913,6052
914,17415
915,15186
916,45328
918,1039570
919,14226
924,3398
925,4227
926,3108
927,5687
928,6335
929,12743
930,16788
934,790249
935,114377
940,69026
941,32489
942,19056
943,9097
944,21489
951,12006
952,7523
953,72312
956,2560
957,94357
958,18654
959,9026
960,3877
961,11016
962,77515
964,6437
965,5177
966,81166
967,128348
968,3749
969,116414
970,6174
971,23265
973,12046
980,5382
988,1761
990,47749
992,18241
996,110641
998,29812
1000,36698
1005,12966
1013,59214
1017,45464
1018,18223
1019,23622
1021,13469
1022,9641
1025,30903
1035,4054
1037,9230
1040,4960
1045,26184
1046,13313
1048,26337
1050,91620
1057,7251
1060,51202
1062,11366
1065,35016
1067,36396
1068,3761
1069,7900
1070,8423
1082,15259
1083,4041
1086,21457
1087,47020
1088,107044
1093,3987
1097,10790
1098,10254
1103,18719
1104,8513
1108,17268
1110,44179
1123,7831
1126,13577
1127,20314
1128,9763
1132,153806
1133,30876
1136,15019
1137,15851
1138,58009
1139,963
1142,105318
1145,14685
1149,9037
1156,10509
1157,36386
1161,6857
1163,14450
1164,21819
1167,9327
1172,54149
1175,4743
1179,7387
1180,11126
1184,16921
1186,9479
1188,2886
1189,6651
1193,5608
1194,20597
1195,803327
1196,9382
1198,19687
1199,7352
1200,8221
1210,722290
1212,50880
1214,21365
1218,48749
1219,21017
1221,34410
1222,228343
1224,13364
1226,9352
1230,26728
1231,14577
1236,2766
1239,116583
1243,30939
1246,12547
1247,3795
1249,12085
1250,94556
1251,66383
1254,183758
1261,13383
1264,18490
1279,12997
1281,202885
1292,366220
1293,85931
1300,4181
1312,9435
1313,218725
1314,2348
1316,18492
1325,6572
1327,14824
1333,1103
1337,4099
1349,11857
1356,30716
1371,9831
1372,34275
1374,22268
1375,16381
1377,4675
1391,8350
1397,30521
1409,4383
1410,11009
1412,100369
1425,34020
1426,21747
1442,8345
1445,15246
1448,12342
1450,13287
1453,70525
1454,73437
1456,4866
1458,3233
1459,16402
1465,5896
1466,4690
1469,43862
1470,78288
1471,26057
1472,21039
1473,23279
1482,680857
1483,26725
1485,22413
1486,66760
1490,12240
1491,36626
1492,14246
1493,6049
1498,102038
1502,7805
1508,9004
1509,25121
1516,31632
1517,14719
1519,505998
1524,18688
1530,267327
1532,49379
1533,22785
1534,13311
1535,3782591
1536,170282
1537,2371
1538,42440
1541,12073
1542,10435
1543,40408
1546,93515
1547,886
1548,5587
1550,9337
1554,24520
1555,36938
1557,55222
1559,296943
1561,8586
1562,158818
1563,33034
1564,184722
1565,143353
1567,20319
1568,66716
1569,62794
1570,36008
1571,227183
1572,7901
1573,13923
1574,2171
1575,2187945
1578,11637
1579,96968
1581,31472
1583,20903
1587,16880
1588,26830
1589,89718
1590,3162
1591,14057
1592,25458
1594,159050
1597,5745
1599,6035
1600,5432
1601,44770
1602,22572
1603,7929
1604,548968
1606,108715
1607,29575
1608,10028
1614,56943
1617,4010
1618,5524
1623,4892
1628,10470
1629,24655
1638,4732
1642,41021
1650,27887
1651,8475
1652,6105
1655,8914
1656,537
1660,6220
1661,16447
1663,10762
1664,3720
1666,2007
1667,2388
1668,47968
1669,66726
1672,3220
1673,2043
1674,29345
1675,9724
1676,5688
1678,33294
1683,7684
1684,4593
1685,22890
1688,22611
1690,188364
1691,447922
1693,8857
1694,22843
1695,28698
1698,309543
1699,181239
1703,11822
1704,11458
1705,2092
1706,10577
1707,16857
1708,2783
1710,38708
1711,3109
1712,1514
1713,2144
1721,20033
1722,101031
1724,6738
1726,303984
1727,31369
1728,21552
1735,2400627
1737,2548
1738,20245
1739,744
1740,1767
1743,4744
1744,19352
1745,1235
1746,11152
1769,5610
1771,2412
1775,7384
1778,4427
1792,13179
1806,4524
1807,22381
1808,51416
1810,42739
1812,5046
1816,77946
1818,659041
1823,6385
1826,28851
1827,214469
1835,13267
1836,55369
1837,6118
1839,1513
1840,495699
1842,68060
1844,14265
1845,4939
1846,12254
1848,3282
1852,77948
1853,9912
1858,30806
1860,92695
1863,682
1864,10914
1865,8188
1868,8230
1872,1304
1873,3863
1878,7464
1881,8143
1882,4479
1883,2230
1884,2727
1885,2108
1886,6039
1887,637851
1889,471333
1891,2358
1892,1314
1893,3040
1897,2125
1899,3414
1912,14185
1914,40456
1915,52737
1929,18505
1932,17086
1936,1988
1941,11133
1942,8849
1946,31865
1947,2280
1955,2491
1956,79716
1960,3687
1962,2404
1965,99582
1972,11883
1974,38788
1975,1653
1985,11576
1986,1840
1988,11151
1991,5814
2001,1571223
2002,110011
2004,15390
2011,6932
2012,20376
2014,10834
2024,867
2025,929222
2026,223140
2030,53774
2031,34517
2032,9353
2034,574063
2035,26722
2036,4523
2037,9449
2038,5184
2039,3410
2040,3332
2041,10406
2043,21043
2044,14536
2074,1513
2075,1350
2076,30034
2084,3820
2087,3202
2089,6348
2104,323370
2105,19901
2106,10750
2108,17247
2109,9808
2110,8205
2112,44087
2113,10888
2116,84532
2127,2461
2128,2925
2129,214331
2130,78556
2142,53634
2150,26348
2151,6793
2152,12524
2153,6806
2155,21130
2156,105445
2157,6687
2158,61051
2159,99030
2161,31994
2162,9063
2164,144847
2165,5562
2166,27902
2167,1388037
2200,5072
2203,7141
2204,11854
2213,35085
2214,13289
2215,6776
2216,120836
2221,8569
2222,15399
2223,2887
2224,5529
2225,36389
2226,830
2227,6602
2228,5239
2229,23509
2230,5635
2231,4215
2232,1345
2233,1297
2234,2402
2243,2664
2244,2355
2245,5619
2246,316773
2251,889525
2252,31483
2253,17350
2254,5396
2255,5432
2257,5727
2259,4612
2280,1477
2281,9638
2282,1992
2283,4098
2284,5231
2285,4896
2287,5024
2288,7697
2308,4791
2316,2125
2330,13205
2331,5796
2333,5116
2335,9016
2337,5382
2361,5622
2362,2636
2363,31706
2364,4761
2366,1140
2367,28239
2369,61221
2382,1531
2383,10446
2389,10116
2390,32457
2391,8800
2400,13598
2402,88111
2403,110265
2404,137636
2405,4183
2406,8079
2409,15362
2415,4851
2416,2573
2451,22344
2467,2702
2471,60800
2476,652276
2484,3618
2486,7330
2487,2148
2489,15624
2494,97199
2495,5822
2501,1793
2503,1085
2508,82117
2510,3143
2518,3294
2521,3159
2523,12570
2542,10260
2543,8750
2544,6643
2545,2005
2546,4207
2547,20218
2548,8959
2549,6136
2552,2672
2553,7576
2554,5614
2555,4457
2556,4901
2557,8168
2558,6505
2559,48771
2561,4934
2562,31777
2564,18153
2565,2786
2566,996
2567,2169
2568,975
2569,7272
2570,2980
2571,9741
2572,3427
2573,2612
2574,2117
2575,1238
2576,3176
2577,8903
2578,1239
2579,5317
2581,216395
2582,24247
2595,36489
2596,149005
2598,6697
2602,38727
2603,16633
2604,23920
2605,339314
2608,41985
2609,6280
2612,2205
2613,2314
2618,19795
2619,9474
2620,4810
2624,2193
2679,1979
2683,37780
2684,8916
2686,3441
2687,1043
2688,5594
2694,4136
2699,2863
2700,1557
2701,390
2702,1453
2703,5663
2704,4828
2705,11073
2706,6331
2707,1323
2708,362
2709,3944
2713,6331
2716,2180
2717,4116
2718,2199
2719,4835
2723,3279
2727,3393
2732,974
2735,584
2736,2606
2738,653
2740,1764
2741,955
2742,618
2744,16733
2747,12206
2748,5425
2749,1362
2757,2293
2758,1575
2762,10891
2766,4169
2769,1893
2771,2309
2772,27047
2781,3152
2783,1951
2786,3609
2787,305109
2789,13440
2795,75443
2799,6248
2800,30277
2803,4375
2804,3078
2805,1243
2806,1753
2809,659
2810,5861
2813,5944
2814,1118
2815,1764
2816,5822
2817,8018
2818,2606
2819,6520
2820,2408
2822,869
2823,2853
2824,1305
2825,7163
2826,2613
2827,4124
2828,15264
2829,20217
2834,5288
2835,8098
2836,3656
2882,2411
2885,1591
2892,2140
2903,13901
2904,1729722
2907,8815
2912,2769
2913,2872
2916,1442
2921,49292
2923,215649
2924,252654
2926,184426
2927,89323
2929,5035
2930,336
2931,15361
2933,2652
2934,3429
2938,5920
2942,29983
2963,170538
2964,30425
2965,9999
2966,797497
2970,36319
2980,1670
2985,66638
2986,87753
2987,4539
2993,673278
3000,9975
3001,72264
3002,345075
3006,5204
3008,5130
3009,10340
3010,11973
3012,6742
3020,1159
3021,3064
3022,1401
3023,2281
3024,5255
3035,3282
3036,2501
3044,13752
3053,9427
3054,2709
3059,4844
3073,401
3075,1610
3077,6560
3079,6645
3081,7292
3091,140629
3092,250815
3098,2025
3099,2225
3101,9301
3104,1749
3110,3901
3112,4392
3114,1259
3116,2157
3125,9437
3129,1446
3130,1459
3131,942
3132,1316
3136,3291
3137,5134
3146,3847
3151,1397
3159,3475
3162,3955
3164,590
3166,28974
3176,1939
3180,551
3182,2369
3185,2292
3193,3446
3194,1759
3196,3032
3199,5919
3201,972
3202,2961
3205,4216
3213,2799
3225,71761
3226,64307
3228,130467
3229,117088
3230,117240
3231,60089
3243,358
3251,596
3259,1992
3264,1634
3270,20174
3271,3258
3272,12136
3281,3661
3285,3309
3290,1087
3294,1060
3295,4735
3297,125750
3298,37297
3299,95236
3305,3727
3312,17805
3313,1986
3315,1431
3317,1663
3322,32278
3325,2841
3327,6136
3332,10127
3335,6421
3342,181579
3345,3091
3349,17688
3355,1298
3356,4331
3358,89186
3359,57276
3361,1187
3363,26777
3366,81659
3369,9872
3372,377
3388,3467
3389,27641
3391,3891
3399,2708
3407,81849
3414,423
3418,2835
3420,90439
3424,3135
3425,1759
3432,1914
3433,1047
3434,1467
3435,1565
3436,922
3437,4894
3438,4403
3444,3401
3451,530
3455,627768
3457,592708
3458,738
3460,1983
3464,41503
3467,132982
3470,360984
3486,3217
3493,6618
3500,403
3501,5268
3503,246460
3505,2377
3514,1162
3519,2139
3545,18107
3549,42310
3550,2109
3561,2671
3568,3550
3571,4133
3572,144958
3573,1260
3576,25663
3577,28414
3579,7963
3588,1587732
3594,78402
3604,31671
3609,2633
3613,73270
3614,18954
3615,37291
3616,40969
3619,2260
3627,29682
3630,956
3631,2094
3637,1090
3638,3510
3653,42432
3654,42919
3655,164686
3656,59165
3660,3219
3667,168659
3668,9085
3670,9231
3672,3351
3673,34161
3676,2125
3683,810
3689,1066
3690,1142
3691,1493
3692,10852
3701,148090
3704,1134
3710,11759
3712,439186
3713,101386
3723,958
3724,1144
3731,278010
3736,4302
3737,6804
3738,5017
3750,22192
3754,2971
3761,3259
3765,1779
3768,1091
3769,625
3772,4757
3776,998
3800,2161
3806,1801
3807,3563
3808,1092
3809,3599
3810,1696
3811,2181
3812,921
3819,1990
3822,972
3823,1006
3825,1212
3827,1726
3834,820
3835,2536
3836,3502
3837,2996
3838,1218
3839,1107
3840,16691
3841,63656
3844,1067
3845,927
3846,784
3858,3367
3859,19215
3869,706
3870,1093
3873,1236
3874,2224
3875,1660
3876,1183
3877,1742
3878,2339
3879,1365
3880,1435
3881,1416
3885,1188
3900,2488
3907,15287
3909,918
3915,2645
3927,148744
3932,1297
3935,2021
3936,1269
3937,511
3947,1399
3958,166984
3969,1310
3972,138226
3974,94974
3975,785
4013,1110
4021,38024
4023,2451
4024,1902
4025,1545
4028,37000
4038,46057
4039,41879
4044,2048
4049,1062
4050,3787
4051,2202
4052,20014
4054,929
4056,2948
4060,4827
4061,2678
4062,2656
4063,402098
4066,19311
4067,2930
4068,2194
4073,1323
4080,34116
4081,527595
4083,1179
4086,2789
4087,196611
4088,1187
4101,1124
4104,734
4113,2008
4114,5542
4119,2279
4121,836
4132,1507
4151,67908
4154,2125
4181,1165515
4183,1432
4186,209784
4189,23696
4191,3437
4192,113774
4196,66856
4197,17639
4198,3418
4199,1769
4208,2252
4209,5907
4211,2687
4214,412094
4224,2152379
4240,2579
4242,1433
4244,1440
4262,47684
4264,7109
4286,1639
4314,663
4316,621
4331,843
4332,1087
4334,40434
4339,2291
4362,10264
4375,2890
4382,519456
4383,1732
4411,1755
4415,51621
4416,3928
4427,1544
4439,2132
4443,5318
4444,2654
4459,1978
4468,945
4470,842
4477,122905
4483,26979
4486,3160
4503,8050
4504,919
4511,1041
4514,2359
4515,1744
4532,3754
4536,1445
4547,396
4548,155020
4549,12314
4550,44443
4551,123358
4553,482
4554,1352
4563,2153
4574,1060
4581,121783
4584,2051
4586,1793
4591,5311
4597,1196
4598,539
4599,1036
4614,1034
4615,1595
4616,1102
4618,47360
4651,4333
4654,798688
4657,16631
4662,20237
4663,4588
4667,5074
4684,511
4690,10489
4709,674
4719,98263
4720,119631
4722,264570
4723,2124
4725,235428
4726,74332
4737,1245
4742,1375
4744,150306
4752,362066
4773,2509
4782,865
4789,163026
4800,1923
4801,859
4807,1391
4808,2480
4810,6340
4814,177813
4823,3450
4853,2736
4879,61446
4884,121725
4896,217035
4898,1154107
4903,35408
4905,900
4908,4876
4928,1728
4929,1777
4933,1611
4935,2331
4936,11002
4940,629
4962,5073
4975,284206
4981,161728
4999,204559
5005,22121
5018,786
5022,1157
5023,2218
5027,6297
5028,69702
5030,175026
5032,9008
5034,75915
5039,95731
5040,232491
5041,43359
5052,1944
5070,2794
5071,1278
5074,51398
5075,3813
5079,119878
5081,1371827
5082,3634
5088,943
5089,456
5091,1894
5104,1194
5112,122655
5114,3236324
5129,1178
5131,1095
5132,7525
5140,579
5141,20823
5143,1550
5150,99941
5153,3512
5155,14433
5162,66290
5184,466
5189,900
5197,1993
5200,3836
5201,1116
5203,1915
5217,2002
5220,59575
5223,879
5226,18745
5231,208226
5233,32067
5234,788
5235,1269
5241,644
5249,1553
5250,2658
5258,274857
5262,102064
5267,4242
5273,1729
5274,2061
5276,1828
5277,238354
5278,1013
5287,848
5292,2532
5300,243112
5304,2626
5307,25823
5311,1612
5337,65371
5341,481706
5342,100543
5343,2347
5344,1060
5355,159449
5356,226662
5374,531
5375,1245
5395,1560
5397,4545
5420,84579
5440,2818
5454,25382
5468,448
5473,544
5474,1009
5475,1029
5476,1694
5477,677
5478,566
5485,15439
5494,7408
5504,24241
5505,10319
5507,130366
5520,3456
5525,210374
5530,425753
5534,945
5594,408
5597,53436
5600,841
5618,1788
5628,1059
5630,555835
5636,952
5658,5792
5670,20103
5671,92557
5675,45863
5678,164472
5680,1028866
5682,329467
5684,16423
5688,4562
5690,126254
5702,40193
5712,6562
5725,10061
5734,69773
5760,20551
5763,2048
5809,929
5810,631
5821,694
5829,1133
5830,3250
5832,6308
5833,1065
5834,2827
5835,68193
5841,503
5854,2893
5883,4416
5886,698
5891,1965
5908,1582
5909,192200
5914,38968
5935,1016
5938,2495
5940,182650
5941,122282
5945,13438
5953,3530
5958,471530
5962,90307
5967,7604
5968,6674
5973,34853
5983,6021
5984,46053
5992,2738
5997,2429
6008,12253
6012,1213
6023,70832
6024,29673
6030,140741
6033,379090
6045,913014
6055,3633
6056,2045
6067,1690
6069,4314
6075,1361
6077,992
6087,1462
6093,1530
6098,42926
6112,31694
6114,386667
6116,3161
6117,8203
6119,2344
6129,28433
6130,4520
6131,2610
6149,5532
6164,98492
6165,50611
6166,198560
6195,608
6201,224053
6203,73101
6205,284073
6211,292620
6213,596919
6261,642
6262,1899
6277,1545
6303,3928
6311,1085
6324,238433
6347,626559
6374,2416
6375,2361
6377,105721
6381,82829
6383,4220
6397,920
6425,21046
6428,1396
6444,119783
6448,956
6452,1653
6468,1271
6472,2088
6481,799
6482,753
6500,323784
6509,5808
6511,2706
6512,261638
6520,751
6523,944
6525,3146
6547,2033976
6560,10451
6571,1476
6573,406636
6574,92124
6582,7962
6583,665
6586,80456
6594,551531
6604,4896
6609,17119
6625,1187
6629,1003
6633,54286
6634,69226
6636,1793
6645,47623
6658,820
6672,1339
6674,1196
6676,61467
6682,234852
6701,559
6702,1702518
6707,555517
6712,20663
6727,566
6730,457
6731,853
6746,1378417
6747,225955
6758,64424
6771,578
6773,234315
6774,91873
6779,1085
6798,1109
6802,159744
6811,276737
6822,632
6868,962
6875,28982
6880,1213522
6889,1086
6895,166316
6899,2499
6900,1617
6901,3643
6902,2612
6907,678
6917,881
6918,26813
6919,27116
6920,27962
6947,1493
6956,427235
6970,1086
6971,2579
6973,44809
6974,102497
6979,31409
6980,16258
6981,873
6989,864
7004,2462
7048,1749
7054,1219928
7058,98759
7062,27366
7079,72715
7081,9871
7082,72555
7088,516936
7103,19260
7106,1281
7109,671
7148,216259
7152,8438
7160,2636
7175,685
7176,3444
7177,572
7189,620
7193,217289
7211,422
7245,1023
7247,809
7307,2541
7334,47571
7395,1874
7405,830
7419,458
7448,597
7452,555
7463,11268
7479,1575
7505,1066
7522,1704
7525,558
7551,944
7561,3671
7575,1441
7580,49976
7588,91158
7590,137747
7592,267842
7593,566029
7605,666
7619,3877
7625,728
7627,106208
7629,312
7639,471
7643,2779
7645,31239
7647,348789
7655,61703
7661,69444
7662,131767
7674,609805
7681,631
7720,43981
7723,3365
7724,588313
7750,629
7751,885
7761,2499
7768,44478
7769,274308
7779,1090
7785,437631
7791,678912
7793,1898
7808,848
7817,384891
7845,784
7867,2177
7904,2634
7955,1157
7956,643
7960,1229
7980,558
7981,692
8011,1194
8025,599
8041,1127
8057,20669
8065,801
8074,1474415
8086,296204
8123,2127
8129,231306
8130,881
8139,1098
8140,1659
8143,357
8158,1154
8179,586
8182,778
8183,610
8184,645
8189,1104
8191,444
8194,1430
8195,509
8206,10507
8213,873
8215,1789
8216,1865
8217,11979
8220,761
8234,6611
8235,2653
8239,610
8240,898
8241,40539
8244,329
8277,179584
8285,1194
8287,4787
8311,62878
8336,880
8345,460
8353,542
8373,3566
8375,1168
8394,6391
8407,287153
8409,1201
8410,51967
8415,829
8424,233979
8425,536785
8426,127852
8436,1668
8449,87375
8476,121848
8478,468
8501,506
8503,3361
8516,366217
8520,399
8521,374
8525,617465
8536,115829
8538,2983
8542,2944
8553,1237
8557,196276
8595,440
8624,48759
8630,370432
8675,484159
8676,373829
8685,471
8687,18963
8726,62391
8753,794
8763,869
8764,854
8765,1969
8769,674845
8777,878
8786,816
8795,383807
8799,771
8812,2007
8815,1573
8829,663
8832,497
8841,617237
8853,986
8861,486656
8879,542
8890,1539
8891,836
8897,623
8899,868
8900,689
8915,147048
8917,73715
8934,112785
8937,452625
8956,798
8960,1367
8961,3426
8964,2372
8999,523
9013,1521
9015,624
9028,728
9041,628152
9061,980
9065,85274
9070,458
9074,162390
9106,990
9107,100517
9119,913
9175,571
9181,328185
9200,2131
9241,9760
9253,2487111
9284,829
9289,326710
9314,82427
9330,170718
9331,135725
9345,1012
9346,4210
9367,320039
9371,529
9379,300517
9383,545
9391,800
9395,1700
9424,732
9426,534
9433,784
9438,933
9441,41111
9455,537
9479,119390
9493,18194
9510,45319
9513,585208
9518,640
9520,984
9522,688
9533,384
9539,53036
9540,473
9561,1851
9562,382
9587,89583
9598,28794
9613,1249
9624,63255
9627,1520
9656,463804
9693,21686
9712,65273
9736,144307
9750,131086
9756,1254069
9768,934
9770,1120
9776,98794
9781,846
9799,1741
9806,3530
9807,358
9810,1260
9811,459
9812,440
9821,329
9822,614
9834,93544
9856,545
9863,221842
9868,386
9881,775
9882,1475
9883,6242
9884,3647
9885,602
9893,15648
9900,1049
9902,227
9903,281
9905,894
9906,766
9916,1453
9919,1879440
9922,87212
9926,215136
9934,22225
9936,287810
9938,58118
9941,223906
9947,833
9948,404
9949,284
9950,589
9952,695
9955,277
9956,195
9969,538045
9978,1100
9981,107535
9989,1574172
9996,27665
10014,5704
10015,75885
10030,347698
10033,126469
10049,160711
10073,135199
10079,174130
10080,384598
10087,1468953
10109,24462
10110,485470
10135,692
10136,478
10137,406
10138,508
10155,186213
10156,77726
10161,427567
10162,485723
10163,307623
10165,869404
10177,5035
10187,45225
10194,913
10197,27948
10210,732
10213,298595
10216,77068
10217,8619
10224,1190
10232,46734
10236,410
10237,308
10239,303
10241,782
10242,268
10250,1592
10257,21805
10271,188968
10278,151009
10282,813
10308,46907
10319,1275
10321,196183
10324,3162
10336,45246
10338,7931
10346,1543
10347,1393
10348,8284
10349,717
10357,187217
10359,5276
10360,763
10370,46293
10372,71828
10378,96913
10379,247141
10396,323025
10397,153523
10444,27368
10447,105333
10456,178060
10459,1128
10460,182630
10465,77696
10490,359958
10495,332507
10506,835
10507,79881
10513,2936
10521,260669
10524,1468
10525,813
10526,1985
10527,2315
10528,2140
10533,623
10539,421
10540,1123
10541,687
10554,1429
10562,1090
10568,236253
10572,81077
10578,174939
10588,259524
10607,784
10611,89882
10620,1970839
10623,1046
10633,367
10671,24118
10705,494
10706,371
10709,600
10719,796174
10721,295579
10774,771
10790,374372
10793,1193784
10797,528
10798,149822
10800,450747
10802,742
10808,31899
10810,8175
10815,631
10838,12002
10847,837
10855,350
10856,345
10869,3323
10870,12295
10884,36497
10887,486
10889,584
10908,893
10953,289
10958,8433
10965,555
10987,511
10989,455
10995,374
10997,441
11013,496162
11017,2191
11021,94241
11061,2720672
11079,119309
11111,1628636
11123,154647
11177,8291
11179,191715
11197,331
11203,458
11213,623
11227,71129
11235,166338
11239,23280
11241,146468
11245,651
11268,1150
11275,889
11285,348609
11307,1159
11319,412407
11341,18359
11371,62602
11385,26083
11405,672
11421,470
11433,379980
11457,19913
11491,54135
11497,380
11499,603180
11521,1087
11525,479
11533,684
11541,1125
11545,727
11547,5529
11589,495
11595,3873
11597,718722
11609,486
11615,13312
11617,1392679
11633,676255
11665,239765
11697,73906
11703,326545
11733,392
11739,87264
11741,1091757
11751,116152
11757,2995694
11759,704173
11761,250586
11763,57706
11769,32070
11771,1174535
11783,103397
11785,350469
11809,5739
11829,991
11835,1412
11837,134339
11841,1324
11843,804488
11857,663
11859,42286
11873,890
11887,817568
11919,1240
11933,291675
12021,20816
12031,208731
12039,966
12119,43205
12123,8313
12139,879
12145,2080
12149,61120
12175,244336
12181,404
12185,318
12189,1337883
12191,42600
12243,781
12281,28520
12291,314454
12293,383794
12321,26485
12359,608
12361,1345
12365,324558
12367,44045
12391,459
12393,1107
12403,182746
12413,354548
12431,189642
12445,394809
12461,111001
12467,307665
12471,95073
12481,1948
12483,1719
12487,82066
12531,377151
12549,411873
12611,24517
12613,282
12651,6345
12677,15166
12679,174050
12711,111469
12753,48023
12763,990
12765,590
12767,679
12771,488
12781,381
12793,366
12809,408
12815,92866
12835,539
12863,9111
12875,26667
12883,166943
12887,686
12897,711
12929,48472
12951,1438
12963,4267
12967,204221
12979,96056
13029,2679
13115,57204
13125,764768
13139,7308
13141,9686
13143,4410
13145,24961
13159,9383
13161,417120
13163,10777
13165,343
13167,404
13177,698
13179,485
13185,8788
13201,17433
13203,62186
13207,585
13231,14739
13261,57361
13307,1116
13331,188393
13333,159458
13349,29285
13367,208777
13377,29724
13409,25052
13431,624
13455,437
13457,397
13459,311
13463,406
13465,394
13503,393
13505,376
13535,228690
13551,767
13585,81959
13599,176363
13601,1593680
13655,287881
13659,429597
13663,364036
13679,5224
13759,1221712
13769,1057
14045,32565
14075,587737
14093,67896
14131,294006
14199,298071
14211,919
14213,761
14227,1054331
14237,37196
14277,20640
14283,65783
14289,640587
14333,6445
14345,842850
14355,83400
14397,230472
14467,748095
14511,56927
14513,1021329
14515,81423
14527,140857
14563,5816
14623,376
14645,52852
14653,55799
14693,5122
14713,635612
14719,1606855
14741,1324425
14749,543584
14765,112460
14811,172585
14813,1395938
14827,30102
14829,271107
14833,474197
14913,2668
14921,110184
14941,36321
14967,524034
14989,5499
15043,10994
15045,12346
15051,441101
15059,142422
15061,42438
15069,275
15085,292470
15109,103405
15119,134388
15125,65746
15225,443875
15313,11927
15315,574593
15377,98641
15379,331802
15417,315361
15451,894645
15479,507
15489,39372
15545,1462
15547,3512
15565,153302
15579,1107
15583,1005870
15605,181066
15611,22528
15613,113270
15651,35843
15689,543076
15699,179106
15731,20416
15749,783
15751,115022
15787,841
15793,58686
15795,1669
15809,1529426
15863,54864
15865,703
15873,534
15875,847
15883,26854
15897,379
15905,1371
15911,106481
15913,575
15915,713
15957,440
16005,150250
16009,218587
16011,478958
16027,1331
16035,213535
16049,380860
16051,37805
16067,591739
16123,35484
16131,901
16157,150746
16159,647
16169,30116
16201,218989
16211,10920
16241,38061
16303,676
16317,14190
16347,2180
16353,199351
16355,110598
16385,73364
16393,708
16397,123775
16405,19313
16417,415183
16419,25936
16454,718
16486,709
16498,3815570
16512,165590
16518,71798
16524,331741
16526,569
16530,811
16592,921009
16650,553
16668,166556
16696,536
16706,339795
16726,2674
16732,181001
16742,639629
16890,115441
16894,834346
16906,2066
16908,381
16910,41189
16918,287938
16982,44662
17074,655628
17080,22032
17082,86590
17086,490
17088,618
17090,481
17092,989
17102,337
17106,408
17115,46822
17127,2672
17141,1253
17147,1989
17211,1389
17247,321068
17249,13025
17265,1094621
17267,10768
17291,877
17315,348
17353,1169
17389,120489
17423,620
17457,459
17467,1232
17487,371
17497,3743
17505,89961
17513,341523
17521,742
17549,417730
17599,341
17601,484
17613,424
17619,610
17623,432
17624,395
17651,53866
17667,670
17669,589
17671,732
17681,28202
17687,571
17703,1049
17705,4183
17707,1542
17727,4027
17729,601991
17731,11097
17733,1002
17741,149433
17777,168806
17821,53877
17827,135471
17831,146891
17849,10237
17873,44126
17893,483
17895,1010192
17909,165006
17917,4941
17919,35806
17969,1442
18001,164114
18005,511
18007,646
18041,77385
18055,62723
18095,188034
18097,47755
18099,23184
18115,825059
18119,217783
18121,31200
18133,915
18137,548
18139,228027
18153,1142695
18155,979
18179,228737
18191,425
18195,163764
18205,2243
18227,590
18229,182083
18241,568
18245,241952
18247,385823
18277,629165
18295,92459
18365,1077
18391,2095
18411,56944
18447,795
18465,52457
18469,332
18495,50676
18497,123473
18507,785319
18523,56510
18573,386
18635,788
18671,725042
18677,301122
18679,1682803
18689,239252
18767,88386
18771,8034
18819,487
18845,2835
18893,148583
18897,1145803
18937,457
18939,400
18941,584
18983,348
19023,53632
19067,10749
19087,474
19111,254569
19117,99473
19121,818
19151,137037
19157,30999
19163,622544
19207,3461
19221,400706
19257,30319
19291,166262
19305,764
19311,305
19315,185186
19319,73558
19325,285
19363,143098
19365,129297
19367,52888
19369,354297
19383,106366
19429,263513
19445,509
19457,299
19467,774
19501,449
19505,696
19547,367
19585,673
19647,248864
19681,714
19685,192468
19703,187297
19755,817
19769,249377
19775,227897
19815,2339406
19825,1995
19831,671
19839,377
19841,32363
19843,664
19855,64845
19871,2485
19873,474
19875,653
19877,1943
19901,445
19919,12027
19947,723
19959,921
19961,808
19965,413
19981,468
19985,397
19987,438
19989,521
19991,406
19993,390
19995,529
19997,588
19999,390
20001,485
20003,457
20005,462
20009,437
20023,403
20025,415
20027,575
20031,385138
20033,49214
20047,257043
20053,57526
20057,347520
20075,845
20077,470
20079,498
20081,383
20083,545
20085,422
20087,469
20115,622
20117,600
20123,359
20125,534
20127,524
20147,422
20173,302
20183,524
20199,343
20201,456
20223,620
20231,422
20233,436
20237,547
20239,479
20243,479
20267,6465
20329,7339
20431,129182
20457,162663
20473,26598
20507,2109610
20509,161172
20533,40080
20541,387852
20555,85465
20583,1906801
20603,335
20689,298372
20709,153631
20755,452
20785,1036582
20787,905313
20847,250450
20853,374420
20899,1174946
20931,117475
20945,4917
20971,26665
20973,143315
21013,8594
21019,270
21033,219053
21039,74300
21053,437
21067,31738
21085,331290
21105,255816
21167,62122
21177,98256
21185,144867
21267,11798
21273,229560
21325,21219
21327,310276
21353,167792
21405,377820
21407,11698
21421,16637
21427,5682
21431,331855
21433,572
21435,35145
21437,87413
21439,59362
21447,545
21483,460
21485,331
21487,549
21491,488
21507,204907
21511,216432
21523,2194
21539,540
21549,480
21553,319
21561,235560
21563,144195
21573,46323
21603,436614
21639,63105
21671,9463
21677,66585
21681,109647
21729,15855
21743,126731
21809,69327
21821,26825
21835,9556
21843,405956
21845,91418
21851,4802
21855,419144
21863,274461
21877,251274
21881,1930217
21939,292656
21981,248
21995,903428
21997,1174
21999,1210
22013,7673
22043,970042
22065,399
22099,2922
22101,307356
22123,77749
22135,381858
22145,394229
22147,644028
22189,45305
22199,2031183
22215,3428
22219,371
22221,770
22225,33670
22247,594
22265,410171
22273,148022
22297,1042705
22313,697
22319,2743571
22345,639
22359,29712
22381,1379
22433,93708
22439,807
22441,780
22465,728
22503,563
22507,136499
22509,552
22535,1813826
22537,48406
22541,610
22547,121363
22585,328
22651,380
22663,304203
22669,492
22687,227464
22693,11098
22709,401
22729,506302
22733,5191
22735,2560
22755,398
22777,185145
22789,648117
22817,18302
22821,552
22831,9262
22835,121889
22849,1380
22865,177809
22877,358949
22893,1225
22955,9840
22997,516
22999,428
23001,441
23011,557
23013,581
23015,358
23037,29599
23067,4973
23079,164081
23107,721
23121,69914
23133,56277
23135,21344
23149,546
23151,15502
23199,474773
23201,28578
23209,107088
23213,7019
23229,2558
23233,662020
23251,180152
23259,30917
23269,78248
23273,2148371
23277,645636
23281,641725
23283,1137897
23289,908565
23309,208206
23311,142849
23313,440
23321,601850
23325,43711
23327,164142
23333,164756
23347,485
23349,742
23351,1013
23375,1903
23393,791
23409,1221
23421,167040
23433,14169
23511,584
23539,12523
23551,12816
23555,682
23587,74887
23607,429
23623,196266
23673,461176
23721,477
23737,680
23755,2004754
23787,11804
23799,320
23829,478
23847,1034400
23897,1471
23901,931
23915,948
23945,73075
23973,405
24011,49542
24031,128680
24037,77616
24041,273
24075,90662
24121,297
24133,306647
24135,58278
24211,111859
24231,202747
24277,137086
24403,496
24405,408082
24415,742243
24417,1080
24439,854567
24455,349726
24465,287
24625,43590
24629,78871
24663,657
24699,35084
24701,258705
24703,783247
24705,157379
24765,442598
24775,263
24793,806
24797,189
24833,1953280
24835,7659
24845,578
24855,42812
24873,155002
24875,299
24893,117269
24909,14245
24969,378
25013,830529
25059,255
25063,375
25099,274068
25139,461
25157,822378
25159,416851
25183,566344
25283,252680
25397,544257
25429,145865
25503,450
25517,121766
25519,151648
25589,254
25607,211
25609,323
25611,305
25615,294
25649,119003
25681,394530
25717,894
25731,200088
25777,2620702
25809,370
25835,437109
25859,59855
25867,88514
25879,243952
25939,25883
25965,879
25967,811
25999,3461
26055,1074120
26085,41785
26087,277
26089,249
26163,349
26165,100290
26243,1299165
26349,346006
26351,134916
26395,22073
26441,151607
26443,160830
26453,4920
27369,325
27393,354
27441,84407
27451,531
27453,342
27455,493
27457,488
27459,480
27461,294
27467,368
27519,698
27521,449
27525,140909
27551,319
27589,585
27621,950
27629,9081
27631,537514
27655,306511
27663,89621
27681,398
27687,711
27693,1871
27721,1221
27723,467
27727,81716
27737,3984
27741,6673
27757,827
27775,920210
27785,2085
27787,681747
27811,732
27815,15625
27829,151960
27831,388412
27833,371816
27899,1732268
27927,17188
27943,1260
27947,69591
27965,275
27989,445526
27991,325887
28013,76121
28019,290
28025,409920
28071,935
28087,397
28089,321
28121,1487105
28145,463
28155,32120
28171,1606983
28201,401
28207,5116
28221,79410
28223,1720060
28247,727
28249,368708
28283,22714
28297,657301
28387,166359
28391,147496
28401,1214
28423,87316
28497,622117
28537,30395
28595,2621
28617,230230
28619,116467
28621,168001
28623,793958
28669,17635
28677,769207
28701,833746
28735,285261
28791,71830
28817,88398
28819,292447
28825,676058
28833,121915
28835,4192
28861,14620
28869,6397
28883,100474
28887,220
28891,1385876
28907,786074
28921,1167
28927,769665
28929,20679
28977,609235
28979,254656
28981,27080
28999,1565082
29003,320
29017,4869
29067,195642
29095,402361
29099,369
29163,53409
29209,196
29325,42680
29367,391
29369,300
29371,196
29373,313
29375,441
29385,289
29387,299
29389,249
29399,354
29401,249
29421,389
29425,230
29427,565
29429,386
29431,287
29433,267
29435,277
29467,279
29469,274
29471,375
29473,249
29485,241
29487,289
29489,250
29507,302
29527,397
29529,370
29589,153487
29687,1358
29715,2697
29722,1439
29738,385
29740,240
29745,250
29746,266
29747,244
29748,265
29758,282359
29759,248
29785,266319
29786,787024
29787,128568
29803,1541139
29836,423
29843,364
29844,186
29846,552
29854,222507
29865,2724
29941,11444
29974,154234
29976,125564
30015,1008734
30016,325913
30025,249
30026,259
30027,275
30028,537
30030,2998
30034,350
30039,5863
30048,251
30057,229
30060,266
30091,108620
30116,304
30117,181
30118,268
30119,461
30120,270
30121,267
30123,656575
30127,115789
30129,255
30131,353
30138,280
30140,240
30144,568
30151,1114
30156,1558
30173,847
30187,212838
30205,217146
30230,134316
30232,588
30240,988413
30251,7154
30276,3116366
30279,122467
30291,4773
30296,925492
30307,733892
30342,418
30344,36093
30355,43150
30363,389797
30375,44853
30382,23089
30383,120518
30384,20474
30385,138426
30386,1394
30409,257
30410,695
30411,534
30417,440
30437,40370
30455,51489
30470,531
30484,845847
30485,130574
30503,1422493
30519,1584
30524,32703
30544,648047
30549,14828
30567,19412
30602,262
30605,396
30649,3757
30651,7264
30652,27643
30654,1388047
30694,802886
30705,41871
30721,50925
30727,358082
30736,238486
30740,82973
30746,13166
30749,389866
30751,1881
30777,649
30782,89253
30795,62359
30806,110249
30826,5308
30831,1897717
30851,828
30875,333
30892,403
30893,421
30895,91490
30901,110330
30906,178
30911,322461
30947,2889
30948,33997
30989,617
31018,3688
31019,359
31043,2031971
31044,3200
31049,30644
31054,533
31068,2379
31071,558
31078,286
31080,77981
31091,72189
31098,130135
31109,110774
31139,10628
31143,29252
31147,88241
31150,886
31157,26222
31163,294634
31173,350610
31174,169682
31177,429
31178,41260
31181,467713
31196,10765
31211,577
31221,14315
31223,68768
31227,11288
31229,279883
31237,315
31239,374
31240,2130068
31246,864
31251,235536
31318,106076
31338,363187
31339,553451
31361,439
31370,14112
31374,255685
31376,262594
31404,528816
31405,208796
31410,1098
31414,228739
31417,28868
31422,21138
31427,1704
31430,91032
31433,83119
31439,33183
31440,17425
31442,532078
31452,87576
31456,82222
31464,213
31478,1340324
31498,32189
31500,103954
31517,849
31519,32745
31534,2222
31537,120779
31539,1320
31540,52671
31547,317
31549,2625
31555,564
31559,172837
31560,14989
31562,397
31564,62230
31566,3675
31573,4637
31578,11606
31580,577074
31588,110197
31592,137663
31610,34456
31621,50299
31629,193730
31630,134285
31631,15305
31633,13559
31636,446920
31637,540588
31640,327
31646,662799
31670,5156
31673,1464
31674,959
31680,142438
31691,293
31692,176
31696,269
31698,565
31699,656
31700,279
31701,206
31706,125912
31710,165464
31716,206132
31722,700231
31733,59105
31737,426569
31741,470287
31746,340
31747,607
31753,345
31764,312348
31771,92058
31777,1949
31783,79001
31790,58626
31793,26573
31798,725455
31804,74146
31815,28091
31821,139568
31845,286316
31848,66294
31859,714713
31884,13318
31890,12834
31892,392
31893,248
31898,567
31904,227562
31914,117435
31924,256
31931,96505
31933,1082043
31952,298412
31953,423849
31964,2934067
31965,1050
31988,221228
31994,37078
32011,6370
32013,177119
32023,72099
32032,106473
32038,30778
32039,13911
32083,108382
32084,4913
32093,451861
32094,94144
32105,502825
32136,464
32171,54583
32175,83140
32182,1999916
32189,346708
32212,46887
32214,45567
32221,437
32228,16374
32230,1006
32237,286
32245,140906
32262,359896
32271,136954
32274,3440
32282,1111494
32301,20523
32309,9347
32313,35579
32353,3035
32360,190005
32370,187044
32379,351294
32400,2328
32402,468
32407,156191
32417,253
32418,244
32419,251
32438,214650
32447,41877
32448,593
32454,12605
32455,14984
32483,63590
32491,130938
32494,141467
32526,179588
32542,752023
32555,39480
32568,657
32571,2904
32572,3190
32580,391
32582,1424
32585,461
32590,316
32595,100851
32596,733
32601,34385
32603,166733
32606,30753
32607,101129
32608,73221
32615,887748
32630,349
32648,288595
32660,508
32663,893
32664,69427
32670,1624
32673,131436
32681,149372
32682,18772
32686,392783
32691,5163
32696,128803
32697,20560
32717,19516
32729,804766
32772,8378
32785,4435
32792,33597
32802,9662
32805,6465
32807,489
32818,363
32819,392
32820,389
32821,298
32828,311631
32829,26162
32830,2638
32836,35396
32842,415
32843,38002
32866,58754
32867,825222
32876,591
32878,47834
32881,21576
32887,441070
32899,442401
32901,705210
32906,7822
32924,129350
32935,1163882
32936,110024
32937,1464883
32944,748
32947,52081
32948,119530
32949,670183
32951,703896
32956,850
32961,29167
32962,192487
32977,105123
32979,186854
32981,104706
32983,180526
32995,863590
32998,702569
32999,662
33002,397
33003,157495
33012,129952
33018,121340
33019,44258
33021,12872
33023,83797
33026,4844
33027,8641
33028,315583
33031,43883
33037,27201
33041,25919
33044,810
33046,45539
33047,216729
33051,139218
33083,253
33084,198
33085,412
33089,80273
33094,154833
33095,183258
33099,322
33113,20572
33123,296
33184,24062
33188,351
33197,56950
33203,121111
33206,1202028
33222,71914
33240,7233
33241,77074
33244,30269
33245,6828
33253,290285
33255,1062456
33262,364
33267,555
33274,14530
33290,405
33299,55597
33300,381
33310,386
33314,14716
33337,160781
33341,16449
33352,1715388
33354,119171
33362,16736
33371,30675
33377,114697
33383,254
33392,41558
33394,8715
33398,1258
33414,411
33417,88794
33419,17238
33421,203693
33430,1674
33431,164
33433,174757
33434,2333
33447,16232
33462,22208
33473,594
33475,373616
33478,205913
33479,298
33486,2451462
33487,854151
33489,628169
33490,4387
33502,388034
33506,739269
33531,39029
33532,13282
33538,585
33540,854
33541,3474
33572,8651
33573,90147
33583,326
33589,85172
33599,962
33630,779
33654,164385
33668,26489
33670,407
33671,288
33690,13084
33726,40083
33727,374
33731,447651
33733,39936
33737,14423
33739,460
33743,292218
33746,15249
33753,333
33771,68243
33775,21336
33788,16409
33792,267
33795,13027
33797,20997
33803,6256
33811,14902
33814,20762
33834,154986
33835,487
33836,235115
33840,19836
33842,223
33846,1221
33850,39727
33889,53729
33899,68334
33933,1143
33946,427
33948,104882
33966,18700
33975,2489
33983,39781
33985,107833
33988,407719
34009,62498
34012,244350
34013,5177
34019,194810
34028,14199
34034,109632
34051,147441
34052,2881
34055,179316
34076,63259
34077,10530
34078,224
34086,158285
34088,7716
34096,304332
34102,143392
34104,254630
34106,22622
34126,112737
34129,759
34134,1627915
34148,71994
34156,614
34176,263865
34177,63840
34182,209
34207,286
34209,53453
34223,3645
34233,408
34234,294
34235,332
34249,363
34257,18722
34262,139959
34264,479
34279,301353
34280,637358
34281,492573
34284,43858
34289,19910
34290,12415
34292,1121
34295,10282
34309,719
34332,3986
34337,8791
34338,47096
34350,116588
34358,374
34363,349
34368,46638
34382,504388
34383,157477
34392,124980
34393,26764
34402,11099
34403,526831
34410,1007
34411,12599
34427,32792
34445,40693
34449,29281
34451,426356
34456,613
34467,29069
34474,17515
34488,414
34490,375
34494,146705
34497,490947
34501,81063
34502,1268
34503,1529
34510,736
34511,490
34522,13756
34525,91301
34542,630556
34543,51266
34547,76246
34550,18589
34561,487886
34565,67767
34566,842546
34572,1596551
34577,1096966
34580,75269
34591,181005
34599,1327086
34607,30749
34612,619040
34613,1881
34618,645733
34620,153969
34636,325663
34643,238
34662,467041
34664,249
34665,238
34666,226
34667,213
34669,804
34676,279
34677,271
34701,212
34712,224297
34725,4076
34738,3003
34741,1097
34745,32497
34754,2711
34771,9734
34787,6677
34794,330
34798,470607
34799,3393
34800,14165
34822,528838
34825,188464
34831,279
34834,29018
34836,4337
34839,59496
34841,347
34852,625
34863,29064
34866,45548
34881,484409
34888,1958
34891,425
34901,17327
34902,711237
34903,12517
34905,1758
34914,253368
34915,21528
34927,1925
34928,524
34933,1439319
34934,407884
34964,185477
34966,59431
34973,113952
34975,4725
34978,12426
34979,1095
34984,293262
34990,345
35015,96182
35062,897439
35067,53762
35069,23223
35073,987707
35075,46211
35076,285127
35078,98209
35079,201136
35106,216
35107,207
35108,217
35112,351
35114,13523
35138,432
35156,882
35180,390577
35183,11798
35203,543796
35220,67140
35222,327459
35226,460
35240,206051
35241,151180
35247,387164
35248,56294
35249,134194
35250,35269
35251,44105
35252,42606
35254,1953
35295,303
35298,62836
35302,817
35303,1093
35313,17423
35317,356
35319,514
35330,219472
35332,1171
35334,7300
35335,10033
35364,239
35365,224
35370,14057
35372,380
35376,251199
35383,912
35385,268
35413,331497
35427,75920
35434,96813
35444,642
35476,251
35478,1292
35484,210746
35503,84279
35507,1190316
35508,211
35516,1113
35517,545
35540,81069
35541,1129
35542,551
35543,508
35557,444652
35589,78284
35605,357
35639,299194
35641,235
35642,466
35643,446
35656,913
35672,25411
35694,702
35695,346
35696,396
35697,350
35698,352
35699,263
35710,327
35712,270892
35714,26285
35730,6023
35739,5541
35756,141050
35757,57284
35760,2266402
35788,950753
35789,58501
35790,1531411
35799,211
35817,312
35818,4314
35821,117413
35828,133975
35834,59603
35835,39570
35838,329642
35839,488241
35843,195469
35847,289594
35849,1596573
35857,42947
35860,575943
35883,9161
35889,152622
35905,190309
35914,332
35920,510
35923,5510
35928,262206
35957,522
35962,242
35963,405
35964,37079
35968,950351
35972,490300
35983,109016
35988,29217
35994,649370
35997,40691
35999,5043
36000,20855
36001,36284
36002,280
36003,249
36009,22975
36015,166
36022,8096
36023,251049
36027,240086
36028,373458
36029,20670
36036,235
36037,43317
36038,457004
36049,164520
36073,542
36094,63151
36108,46239
36124,170666
36135,1879
36144,73309
36166,3490
36167,250
36196,5150
36220,221762
36231,649
36245,78878
36259,42079
36265,404
36266,230979
36267,27872
36288,5295
36296,496542
36309,24405
36316,135608
36317,114481
36407,566745
36409,1448
36418,2523
36423,1000
36425,647
36427,691
36429,661
36431,50421
36432,245364
36456,2123158
36458,14800
36470,289157
36474,1012900
36475,604095
36483,14524
36486,299
36506,350
36510,92536
36511,1145930
36513,32176
36516,170254
36522,46824
36525,61604
36530,345
36531,4051
36536,9918
36548,182625
36551,274
36552,509
36563,496310
36565,33191
36587,65466
36593,15997
36611,280
36618,1827
36632,130362
36633,379872
36649,831033
36652,123924
36653,155129
36654,18344
36655,11078
36657,311
36666,1074
36704,176790
36726,293278
36728,1579
36735,197
36736,182
36740,379
36754,162458
36784,8403
36793,330891
36797,3007
36800,31723
36817,146691
36828,75762
36838,205127
36847,57655
36864,174858
36873,147737
36881,268
36882,670129
36884,81650
36894,839
36902,82350
36906,119556
36934,72529
36943,67574
36945,17429
36949,702887
36976,18917
36978,300
36981,277
36982,8569
36993,1939
36999,218657
37002,291
37007,119033
37008,7243
37023,16807
37029,28356
37036,12254
37054,357
37086,752389
37096,1474
37101,302
37102,298
37105,749831
37106,22102
37117,580
37126,8890
37140,49104
37141,633504
37151,1923
37154,43526
37171,461784
37178,5797
37188,41988
37202,206543
37204,11763
37206,42822
37210,701721
37219,205
37221,71338
37225,496
37232,30570
37244,264
37245,30217
37254,38300
37258,13999
37259,154442
37263,443
37268,13556
37283,14669
37300,385
37302,30579
37324,2587
37325,645
37328,1176
37338,40377
37345,410207
37347,789860
37349,1075349
37359,453
37368,796
37369,695
37374,19765
37379,135778
37388,4766
37393,181714
37395,6305
37403,193788
37422,6754
37426,129963
37428,311
37430,1374869
37433,7188
37435,320257
37436,63745
37438,28692
37446,188073
37447,128052
37448,4329
37450,1675644
37451,224220
37458,63592
37467,738
37472,315
37475,359455
37476,12713
37481,15971
37484,1416
37487,51844
37490,39500
37491,190844
37496,36248
37497,324752
37509,25672
37510,1469321
37517,293141
37520,1177068
37521,1419969
37522,92538
37525,150762
37555,39161
37559,654
37560,461
37561,36127
37569,243194
37571,13655
37576,69413
37578,56692
37579,103855
37584,23756
37587,44472
37597,152921
37598,47239
37599,35964
37601,44270
37611,2406
37614,213609
37630,243
37646,3687
37651,72448
37653,353
37657,18548
37662,3365
37675,874057
37686,180
37698,206
37714,249
37716,94343
37722,117169
37739,3135
37744,314249
37747,9279
37749,363
37750,389
37752,444
37769,7021
37778,6091
37779,1904668
37780,935
37786,328700
37787,826
37798,274
37799,850104
37806,154270
37823,121771
37869,43085
37870,35319
37890,43658
37893,21357
37920,116886
37924,49447
37926,129020
37927,311
37940,31259
37941,225
37942,231
37943,214
37944,195
37945,206
37951,250
37952,66192
37956,183335
37958,51369
37962,30005
37964,64566
37965,291787
37968,906
37972,195687
37975,49672
37976,479986
37978,415
37979,82396
37982,726666
37984,414304
37988,9706
37989,195682
37990,4770
37991,983204
37992,45226
37993,197184
37998,78345
37999,1673353
38000,2894469
38003,604512
38004,19115
38005,26278
38006,22935
38008,290
38009,10823
38010,390
38016,510
38020,36312
38062,74802
38069,336
38070,449
38071,350
38072,323
38074,305
38075,292
38080,292585
38083,17072
38084,272086
38089,6349
38091,27202
38092,174
38093,191
38094,148
38098,24308
38099,328
38101,913540
38117,236
38118,268
38119,260
38120,259
38121,292
38122,261
38123,252
38124,248
38125,257
38126,280
38127,270
38128,267
38129,276
38131,280
38136,260
38138,315
38145,189928
38147,494
38150,14615
38157,17299
38161,81933
38162,10943
38166,170
38167,123
38186,427340
38192,98648
38199,8350
38203,3733
38226,17392
38235,27057
38251,15282
38254,12282
38256,155795
38262,10096
38268,18917
38276,48727
38284,3001
38295,64301
38297,237362
38301,32815
38302,58138
38328,166328
38331,26358
38337,61398
38363,450
38365,491
38378,485
38379,346
38390,46517
38397,340580
38408,1667718
38416,2133
38427,276
38440,16737
38449,9551
38451,307
38472,376757
38474,211822
38476,94316
38480,229293
38481,224179
38483,444385
38524,2164441
38525,438
38526,336
38529,37764
38534,403
38535,331
38537,218
38538,228
38544,37278
38549,1922
38555,431702
38560,269
38568,228
38569,214
38570,211
38571,229
38572,334519
38573,277095
38578,11259
38610,269797
38611,317
38612,263
38619,117942
38631,308
38656,538349
38659,596986
38668,522249
38669,7576
38670,17958
38671,1284237
38673,6278
38680,796365
38691,1671726
38707,33119
38731,86825
38749,24425
38753,328935
38759,343433
38767,4594
38776,544
38778,268670
38787,182492
38790,512690
38804,2836
38814,81439
38830,227462
38835,16364
38843,93361
38851,8614
38853,80172
38857,517
38860,12140
38881,1821
38883,899257
38889,169301
38909,171653
38920,28087
38923,1549
38924,168706
38940,116078
38959,148633
38992,336562
38993,322588
39003,552
39007,967
39012,205
39017,456830
39026,382796
39029,349
39030,194105
39031,701
39039,1148
39040,598
39049,46584
39063,164336
39071,158969
39078,5332
39119,294
39121,140
39122,146
39123,142
39124,139
39125,146
39126,139
39127,130
39128,133
39129,202
39130,150
39131,162
39133,134
39135,143
39136,136
39137,127
39138,161
39139,132
39140,180
39183,2403
39184,34265
39194,11521
39195,826907
39196,464814
39198,293734
39199,131331
39221,69498
39244,5930
39247,533324
39277,3461
39282,9540
39292,277222
39324,209312
39326,314406
39355,106379
39356,468
39388,85911
39417,52273
39450,296
39456,154699
39457,702
39463,473421
39468,292039
39469,106161
39491,263489
39506,24917
39523,260057
39527,19527
39528,216
39531,44687
39533,548898
39534,570093
39535,1227217
39539,190490
39547,701753
39551,903392
39567,47302
39570,132893
39575,281968
39581,1370
39582,26814
39583,59881
39586,263334
39587,1066494
39590,26152
39592,21323
39597,733737
39609,38112
39617,898696
39620,3115
39622,7125
39628,294
39634,169
39635,285
39664,202
39668,2463
39679,510
39681,38940
39685,136
39686,124
39691,121
39699,5691
39701,705468
39710,301507
39725,16255
39730,61982
39783,684150
39790,184743
39792,325263
39798,292
39799,95629
39808,119392
39811,47219
39820,348
39836,20052
39893,6177
39917,6020
39918,959
39936,572
39940,596825
39942,23220
39948,25515
39959,37885
39960,18924
39966,32279
39978,819
39979,3738
39988,228681
40004,290814
40010,462090
40028,1897749
40040,814
40045,966
40046,355505
40052,632614
40056,293881
40059,159933
40060,354944
40074,66422
40075,59640
40085,11568
40087,181
40089,515
40090,550
40091,285
40092,299
40128,126778
40129,4335
40136,20725
40137,6960
40145,17080
40148,45432
40165,62607
40166,4022
40167,4292
40174,207733
40196,41245
40197,5798
40221,889427
40228,15316
40230,65305
40249,1186
40266,5892
40272,21901
40273,183
40299,230
40320,8623
40327,7610
40351,84774
40356,717980
40357,340112
40358,31833
40359,117501
40367,980
40368,312
40392,125441
40397,204054
40403,18617
40406,196
40407,177
40408,184
40417,486172
40423,575
40436,197805
40454,573056
40455,195
40473,4776
40483,194290
40487,467
40488,31690
40496,760287
40497,339516
40504,21189
40506,15421
40507,358051
40513,83509
40526,58382
40529,78476
40530,351395
40532,127977
40540,589546
40550,84144
40571,382325
40586,361293
40589,141
40590,34975
40591,1290139
40594,271264
40595,273079
40608,39635
40610,11052
40620,218191
40623,137433
40677,11576
40679,109532
40682,94769
40685,110181
40708,209281
40714,1786
40716,320794
40729,194439
40738,23716
40748,2357449
40750,559887
40752,98435
40758,964
40763,15305
40776,778063
40783,39132
40786,40598
40803,59696
40815,200097
40832,279
40833,14712
40834,603057
40839,949323
40842,64930
40850,10437
40852,992096
40870,124770
40879,75126
40880,2315
40893,4505
40902,513305
40904,327711
40906,70311
40907,143393
40908,361093
40911,405766
40930,49476
40934,51429
40935,424839
40938,587415
40939,666
40953,280
40956,735824
40957,5495
40958,28360
40960,135214
40961,64690
40964,39766
40974,154175
40983,995
40995,5556
41006,267461
41025,834166
41062,1448
41074,55468
41084,407854
41101,362
41103,229902
41109,235283
41114,222
41115,343
41116,162
41117,219
41118,272
41120,416762
41156,187
41159,178
41160,164
41169,66232
41226,460152
41265,122600
41266,17586
41276,380
41277,201
41283,3841
41312,201714
41345,282071
41349,497
41353,879163
41364,34084
41372,44693
41380,280126
41381,2280
41383,719
41384,460
41389,712194
41392,116732
41401,1333
41402,301744
41404,419
41405,3723
41415,120
41416,130
41417,212
41426,1590
41433,416957
41440,884
41456,359331
41457,720802
41458,299
41461,235681
41467,486569
41470,847
41487,709389
41488,321167
41491,409681
41494,143
41514,211096
41520,11533
41521,10458
41522,224
41529,905
41530,61122
41556,17701
41558,3853
41573,27986
41574,13984
41587,1129122
41589,42165
41619,318320
41623,393587
41635,256
41638,412
41667,296
41686,613
41694,218748
41710,368898
41762,76344
41776,269
41777,252
41778,265
41783,92109
41807,1172
41812,186502
41813,224
41833,85964
41834,68063
41899,368132
41911,119646
41930,252433
41946,248021
41951,264
42033,199
42068,449
42071,6971
42072,115850
42083,182
42090,399
42144,199
42145,849
42146,252
42179,231
42192,242405
42203,844480
42205,252703
42238,28044
42249,1191846
42250,111171
42260,16489
42263,117
42264,118
42282,224116
42295,1672
42307,69971
42321,8170
42340,209463
42351,317189
42361,770844
42385,7309
42391,22079
42395,98790
42429,143290
42468,248
42482,1191
42506,11460
42514,4048
42516,14647
42544,188732
42568,45489
42571,72241
42587,23201
42590,146254
42625,181690
42627,176452
42653,3667
42654,248
42657,1196
42660,234
42668,57136
42670,121102
42717,974
42740,332
42745,64252
42765,145
42766,118
42774,42312
42808,21148
42822,72451
42825,33156
42826,180507
42852,98
42870,815
42883,6458
42892,57981
42897,1302287
42922,119
42923,535588
42938,448913
42941,47665
42959,14259
42962,204003
42963,397202
42979,281
42981,4834
42994,36899
42998,333
43007,257312
43229,65535
43253,93
43255,47
43256,48
43257,63
43299,727109
43303,139
43305,87
43309,116
43311,76
43312,72
43319,75
43320,76
43322,70
43325,237864
43348,71
43350,1421
43356,81
43416,580
43439,237091
43448,66
43450,83
43470,142111
43523,383765
43608,863168
43611,128
43613,83
43642,75
43662,80
43672,74
43673,69
43676,80
43677,81
43678,68
43679,67
43680,67
43681,73
43691,80709
43735,25159
43741,5433
43756,101928
43760,40015
43763,20077
43767,44396
43771,6512
43778,586
43803,75
43808,82
43814,189813
43825,65
43830,60
43831,69
43832,61
43843,60
43852,145
43853,61
43854,58
43856,59
43857,54
43858,122
43859,63
43860,61
43861,63
43863,65
43864,66
43865,58
43868,71
43871,61
43872,56
43875,77
43877,65
43881,63
43882,59
43883,60
43884,56
43885,55
43887,54
43888,113
43889,58
43891,60
43892,56
43896,62
43914,63
43920,89
43922,78
43923,64
43924,66
43925,60
43926,61
43927,61
43941,69
43942,57
43943,62
43944,60
43945,68
43946,60
43947,66
43948,59
43949,61
43950,61
43951,60
43952,60
43953,59
43954,57
43955,63
43956,60
43958,70
43959,59
43960,56
43961,59
43962,61
43964,58
43965,57
43966,61
43967,58
43969,346366
43982,202
43983,180
43984,154
43985,158
43986,141
43987,143
43988,145
43989,142
43990,143
43991,139
43992,139
43993,132
43994,135
43995,140
43996,137
43997,133
43998,139
43999,146
44000,137
44001,139
44002,194
44004,129
44014,99
44015,65
44016,67
44018,56
44019,67
44020,66
44021,64
44026,252
44031,62
44032,88
44033,70
44035,66
44037,292586
44040,2921
44055,179353
44056,3807
44081,4234
44103,69
44104,70
44105,67
44108,65
44109,65
44110,67
44111,64
44112,62
44114,63
44115,63
44116,64
44117,66
44118,65
44119,66
44121,62
44122,87
44123,63
44132,176
44133,103
44135,84
44136,79
44137,77
44138,77
44140,80
44144,133
44145,99
44146,127
44147,121
44148,123
44149,116
44151,117
44152,112
44153,88
44162,91
44163,79
44164,78
44166,75
44167,240
44168,69
44169,66
44171,74
44174,90
44175,62
44176,90
44177,67
44178,77
44179,72
44181,57
44182,65
44188,56
44191,11687
44203,343547
44204,144030
44208,14883
44235,15761
44273,2018
44274,25910
44275,42849
44276,236336
44278,60
44279,59
44280,102
44282,86
44283,77
44285,63
44287,81
44288,92
44289,63
44292,88
44293,80
44297,72
44298,102
44300,71
44301,64
44349,58
44350,56
44351,58
44353,101
44363,63
44365,64
44366,62
44368,61
44369,65
44370,89
44371,63
44373,56
44374,52
44382,52
44385,59
44387,45153
44393,70
44394,68
44395,71
44396,69
44399,108
44403,65
44413,63
44414,82
44415,85
44416,82
44417,82
44418,79
44419,81
44420,59
44421,74
44422,77
44423,77
44424,76
44425,79
44426,80
44434,66
44440,103
44441,72
44444,92
44445,70
44446,88
44447,70
44450,59
44452,56
44454,61
44455,64
44456,64
44457,63
44458,61
44460,75
44461,67
44464,61
44465,56
44466,83
44467,58
44468,58
44469,56
44470,57
44471,57
44472,56
44473,53
44474,53
44475,57
44476,58
44477,57
44478,55
44479,60
44486,53
44487,54
44488,56
44489,173
44490,79
44491,153
44492,90
44493,62
44494,64
44495,82
44496,56
44503,61
44504,55
44511,1369202
44516,158774
44524,243041
44583,5120
44639,75
44653,58
44668,60
44676,67
44679,55
44689,59
44692,54
44697,46
44700,51
44702,177
44705,44
44708,45
44709,45
44710,43
44711,43
44717,55
44718,55
44719,55
44720,57
44721,57
44722,60
44736,62
44737,57
44741,80
44743,64
44749,47
44753,51
44754,43
44755,51
44756,50
44760,57
44763,51
44765,70
44767,49
44768,47
44777,51
44778,49
44779,46
44781,49
44782,48
44803,55
44806,55
44810,53
44811,51
44812,50
44813,52
44825,50
44848,503
44854,45
44860,52
44861,52
44863,62
44876,49
44877,49
44878,49
44880,67
44881,154217
44890,62
44901,61
44909,51
44911,60
44916,43
44917,42
44918,42
44919,42
44920,42
44921,42
44922,46
44923,49
44924,69
44926,49
44927,48
44928,48
44940,109019
44958,56
44961,374873
44965,52
44966,50
44967,48
44974,48
44975,50
44976,50
44977,50
44984,44
45013,50
45014,48
45015,47
45016,49
45017,49
45019,48
45020,49
45021,49
45022,48
45023,50
45049,56
45050,50
45051,51
45055,136141
45078,103
45080,71
45097,48
45098,54
45099,53
45100,50
45101,49
45102,58
45104,56
45116,70
45133,62
45141,50
45156,45
45171,45
45173,52
45174,50
45175,49
45176,49
45177,58
45178,57
45179,54
45180,42
45181,79
45182,43
45188,48
45189,42
45190,63
45192,55
45194,49
45197,51
45198,55
45201,57
45203,50
45204,50
45205,44
45206,71
45207,1601
45208,50
45209,53
45211,41
45212,42
45213,43
45214,47
45216,42
45221,47
45222,44
45223,44
45224,42
45225,43
45226,45
45229,44
45230,43
45231,45
45232,46
45233,45
45234,42
45235,44
45236,43
45242,46
45243,120
45246,103
45254,50
45255,50
45257,50
45258,52
45259,49
45260,58
45262,85
45263,50
45264,50
45265,52
45267,49
45268,47
45270,51
45271,49
45272,49
45274,52
45276,48
45279,51
45281,66
45282,53
45283,52
45284,49
45285,50
45286,50
45287,51
45289,54
45290,67
45291,50
45293,65
45297,65
45298,84
45299,58
45302,81
45304,80
45305,50
45306,51
45309,51
45311,50
45312,46
45326,52
45327,46
45328,49
45329,48
45333,52
45334,54
45339,46
45341,47
45344,95
45345,56
45347,55
45348,51
45350,58
45355,52
45356,51
45357,51
45358,52
45359,52
45360,54
45361,51
45362,50
45363,51
45365,58
45367,56
45368,52
45369,50
45370,50
45371,77
45374,67
45376,66
45378,61
45379,61
45380,69
45381,69
45384,74
45385,74
45386,97
45387,76
45388,73
45389,70
45390,71
45391,71
45392,69
45393,72
45394,72
45395,72
45396,70
45397,69
45398,70
45399,71
45400,71
45401,57
45402,56
45403,58
45404,63
45407,44
45408,44
45409,45
45410,45
45411,43
45412,47
45413,45
45416,55
45417,72
45418,47
45425,60291
45430,48
45431,49
45432,49
45433,51
45434,48
45435,46
45436,49
45437,49
45438,50
45439,48
45440,45
45441,45
45442,45
45443,50
45449,49
45451,53
45452,54
45453,75
45454,54
45455,53
45456,54
45458,55
45459,54
45460,55
45461,50
45462,50
45463,50
45464,52
45465,51
45466,53
45467,47
45468,51
45469,50
45470,46
45471,44
45472,45
45473,43
45480,43
45481,43
45482,54
45484,52
45485,46
45486,69250
45490,48
45492,54
45493,51
45494,44
45501,43
45502,57
45503,55
45504,56
45505,55
45506,56
45507,57
45508,59
45509,56
45510,59
45511,61
45512,58
45513,59
45517,117
45519,84
45520,75
45521,83
45522,89
45523,93
45524,92
45525,141
45526,105
45527,95
45528,96
45529,108
45530,100
45531,95
45532,106
45533,80
45534,95
45535,97
45536,85
45537,92
45538,84
45539,111
45540,129
45541,42
45543,42
45545,42
45547,43
45548,44
45549,43
45551,44
45552,44
45560,107889
45572,128430
45576,844188
45577,21186
45587,7789
45596,739
45613,495664
45618,2066
45653,154225
45660,87
45661,84
45662,95
45664,48
45665,23751
45667,46
45668,45
45676,47
45678,63
45679,80
45681,84
45682,84
45683,76
45684,80
45685,51
45686,57
45687,85
45688,84
45689,117
45690,75
45691,47
45692,46
45693,49
45694,47
45695,46
45696,83
45697,82
45698,119
45699,79
45702,84
45703,83
45704,178
45705,101
45706,88
45707,77
45708,45
45709,48
45710,47
45712,44
45713,46
45716,46
45717,44
45718,76
45719,43
45720,42
45721,49
45722,52
45723,51
45724,51
45726,44
45727,46
45728,78
45729,123
45730,45
45733,49
45734,50
45735,49
45736,49
45737,49
45738,51
45739,51
45740,50
45741,51
45742,50
45743,50
45744,50
45746,49
45747,49
45748,49
45749,50
45750,46
45751,46
45754,49
45755,84
45756,82
45757,84
45758,81
45759,83
45760,118
45761,85
45762,82
45763,77
45764,87
45765,115
45766,84
45768,47
45769,86
45770,73
45773,58
45776,65
45780,94
45782,6562
45783,12577
45784,45
45785,46
45786,46
45787,44
45788,46
45790,76
45793,45
45794,46
45795,46
45796,46
45797,46
45799,49
45800,49
45801,48
45802,46
45805,48
45810,47
45811,46
45812,89
45815,121
45816,76
45818,56
45820,86
45821,69
45822,63
45823,62
45824,71
45825,68
45826,64
45827,69
45828,68
45829,64
45830,73
45831,50
45832,52
45833,52
45834,78
45835,48
45837,47
45838,47
45839,44
45843,44
45844,47
45845,45
45846,51
45847,54
45848,75
45850,71
45851,54
45852,49
45853,53
45854,53
45855,47
45857,46
45858,74
45861,79
45862,89
45866,84
45868,145
45869,79
45870,50
45871,48
45872,54
45874,51
45876,50
45878,52
45879,47
45881,47
45882,46
45883,62
45884,47
45886,47
45889,47
45891,52
45892,50
45893,49
45894,52
45895,56
45897,48
45898,48
45899,49
45903,51
45904,77
45905,48
45906,47
45907,49
45908,83
45909,53
45911,81
45912,50
45914,49
45915,91
45916,79
45919,51
45920,45
45921,81
45922,46
45924,49
45925,54
45926,49
45927,49
45928,49
45929,50
45930,47
45931,52
45932,55
45934,51
45938,48
45941,64
45944,46
45945,55
45946,45
45948,51
45952,50
45953,50
45954,46
45956,48
45957,50
45958,50
45959,68
45960,50
45962,50
45963,46
45964,49
45965,47
45966,47
45967,50
45968,49
45969,53
45971,48
45973,55
45974,59
45975,61
45976,56
45977,66
45978,63
45979,64
45980,57
45981,61
45983,57
45984,62
45985,57
45986,58
45988,55
45990,57
45991,51
45994,57
45998,59
46005,66
46013,56
46016,56
46020,44
46023,49
46024,49
46025,50
46026,48
46027,49
46028,49
46029,48
46030,51
46031,47
46032,49
46033,50
46034,50
46035,51
46036,50
46037,44
46038,45
46039,50
46040,71
46041,51
46043,51
46045,48
46046,53
46049,48
46050,51
46051,53
46052,57
46053,55
46054,51
46055,47
46056,57
46057,53
46058,54
46059,48
46060,48
46061,54
46063,53
46064,49
46065,49
46066,45
46068,51
46070,47
46072,50
46073,48
46074,49
46075,50
46076,70
46077,70
46078,53
46093,164382
46095,513795
46098,48
46102,405937
46116,46
46117,47
46118,48076
46120,47
46121,45
46123,46
46125,45
46126,79
46127,52
46128,50
46129,50
46130,49
46131,51
46132,52
46133,46
46134,47
46135,47
46136,48
46137,46
46138,45
46139,45
46141,56
46142,77
46144,52
46145,46
46146,45
46148,54
46150,87
46151,51
46152,47
46153,46
46154,84
46156,51
46157,82
46159,47
46162,54
46164,48
46165,49
46167,52
46168,51
46169,45
46172,75
46173,47
46175,47
46176,46
46179,47
46180,51
46182,46
46183,46
46185,46
46189,50
46190,58
46191,47
46201,50
46203,51
46204,48
46205,51
46207,46
46209,46
46210,56
46211,48
46212,46
46213,79
46214,51
46216,47
46217,46
46218,52
46220,51
46221,47
46223,50
46224,48
46225,53
46227,56
46228,63
46229,74
46230,58
46231,54
46232,57
46233,56
46236,51
46237,48
46239,55
46240,50
46241,73
46243,62
46244,50
46246,51
46247,49
46249,49
46250,51
46252,57
46253,54
46254,56
46255,45
46256,74
46257,60
46258,70
46259,50
46260,50
46261,47
46263,51
46264,50
46265,50
46268,48
46269,54
46270,45
46271,43
46273,46
46274,46
46275,53
46276,86
46277,78
46278,48
46279,77
46280,46
46281,51
46283,80
46284,47
46285,51
46286,47
46288,49
46289,49
46290,52
46291,51
46292,51
46293,76
46295,79
46296,86
46297,52
46298,58
46299,85
46301,63
46302,53
46304,50
46305,89
46307,80
46308,50
46309,104
46310,83
46311,45
46312,47
46313,45
46314,43
46315,58
46316,88
46318,47
46319,47
46320,46
46322,44
46323,45
46324,93
46325,46
46328,82
46329,47
46330,45
46331,61
46332,60
46334,46
46339,46
46340,47
46341,50
46343,53
46344,52
46345,51
46346,49
46347,46
46348,44
46350,49
46351,80
46352,441573
46353,44
46354,50
46356,45
46359,45
46360,45
46361,51
46362,49
46363,57
46364,56
46365,58
46366,46
46367,46
46368,54
46369,44
46370,56
46371,47
46372,48
46373,44
46374,44
46375,78
46376,49
46378,56
46380,57
46381,1386
46384,63
46385,80
46386,68
46387,59
46388,56
46389,57
46390,65
46391,79
46392,89
46393,66
46395,43
46396,43
46397,42
46398,60
46399,43
46400,54
46401,69
46402,66
46403,45
46404,45
46405,66
46406,44
46407,45
46408,48
46409,46
46410,50
46411,45
46413,47
46414,45
46422,54715
46423,44
46424,47
46425,47
46426,52
46427,45
46430,54
46432,43
46433,47
46434,46
46435,44
46436,51
46437,55
46440,46
46441,53
46442,49
46445,48
46446,49
46448,51
46449,53
46450,52
46451,51
46452,53
46453,68
46456,49
46457,49
46458,49
46460,50
46461,50
46462,46
46463,50
46464,49
46467,48
46468,46
46469,46
46471,355174
46472,44
46474,51
46475,47
46478,46
46479,45
46485,43
46494,53
46495,50
46496,50
46499,44
46500,45
46501,49
46502,45
46503,46
46504,44
46505,48
46506,48
46509,51
46511,48
46512,47
46513,42
46514,44
46519,46
46520,47
46521,44
46522,47
46524,43
46525,43
46526,60
46527,44
46528,44
46529,45
46530,44
46531,45
46532,49
46535,45
46536,44
46537,48
46539,47
46540,50
46541,51
46542,49
46547,48
46548,44
46549,42
46553,45
46554,45
46555,45
46556,45
46557,47
46559,43
46560,43
46561,43
46562,44
46563,46
46564,44
46565,49
46566,45
46567,44
46569,579055
46570,42
46571,42
46572,42
46573,42
46574,42
46575,41
46576,42
46577,46
46578,46
46579,46
46580,46
46581,45
46582,46
46583,43
46584,42
46590,42
46591,43
46592,44
46594,43
46595,48
46597,63
46599,44
46600,49
46602,43
46603,45
46604,49800
46616,45
46619,42
46620,43
46621,47
46623,45
46625,43
46626,45
46627,47
46633,61
46634,62
46635,43
46636,49
46637,44
46638,45
46640,49
46641,43
46643,45
46646,48
46652,837
46654,12564
46659,45
46683,43
46687,47
46688,48
46689,45
46690,46
46691,44
46692,46
46693,48
46694,105
46695,79
46702,43
46703,44
46704,76
46705,72
46706,119
46709,44
46710,48
46711,114
46721,99
46728,95
46731,44
46732,44
46736,51
46737,78
46738,49
46740,49
46741,70
46742,49
46743,51
46744,47
46745,56
46746,54
46747,48
46748,48
46749,49
46750,48
46751,49
46752,48
46753,47
46754,53
46755,65
46756,49
46757,46
46758,49
46759,51
46760,56
46761,48
46763,53
46764,56
46765,54
46766,56
46767,53
46769,47
46770,47
46771,47
46772,47
46773,69
46784,44
46785,44
46786,45
46795,45
46796,43
46797,44
46807,45
46817,46
46827,76
46834,46
46837,45
46838,45
46846,65
46853,126
46854,67
46855,64
46856,61
46857,65
46858,64
46859,61
46860,61
46861,45
46862,48
46873,55
46876,52
46879,49
46880,50
46881,48
46882,47
46889,46
46890,64
46892,43
46896,57
46897,54
46898,60
46902,62
46903,68
46904,51
46907,77
46909,49
46913,67
46917,47
46918,45
46919,48
46920,44
46921,47
46934,48
46936,61
46937,46
46938,56
46939,44
46940,76
46944,46
46945,44
46947,45
46949,79
46950,43
46952,46
46953,44
46955,44
46956,43
46958,59
46963,42
46966,65
46967,44
46968,55
46969,48
46978,44
46985,191790
46991,49
46992,50
46993,44
46994,45
46997,47
46998,47
46999,47
47001,47
47002,44
47003,56
47010,49
47011,45
47015,47
47018,43
47019,44
47021,45
47022,79
47023,134
47024,44
47025,84
47029,52
47030,43
47034,58
47035,53
47036,53
47037,52
47058,80
47060,70
47063,55
47065,50
47066,45
47067,50
47070,79
47072,50
47073,50
47074,64
47078,46
47079,45
47082,45
47083,66
47085,46
47086,45
47088,45
47089,48
47091,54
47092,45
47093,43
47097,48
47101,49
47103,43
47104,49
47105,42
47106,44
47109,46
47110,54
47111,48
47112,45
47113,48
47114,46
47115,47
47119,43
47120,44
47122,77
47123,50
47124,44
47125,43
47126,43
47127,44
47128,44
47132,45
47133,44
47136,49
47138,46
47139,50
47145,43
47150,42
47151,41
47155,46
47157,48
47159,260912
47160,241253
47161,229517
47162,150113
47163,188500
47164,308892
47169,45
47170,45
47173,44
47178,48
47179,62
47182,44
47183,44
47184,46
47185,45
47186,45
47187,46
47188,46
47190,44
47191,49
47193,43
47194,475849
47203,47
47206,68
47213,53
47214,59
47215,61
47219,83
47226,61
47227,63
47228,63
47234,62
47237,56
47239,54
47240,58
47241,60
47243,49
47244,49
47250,93029
47251,45
47257,228005
47258,49
47259,49
47267,82
47272,45
47276,50
47278,46
47284,50
47285,61
47286,46
47291,50
47293,43
47296,61
47297,45
47300,46
47302,47
47303,46
47304,44
47320,45
47321,48
47322,47
47323,47
47324,49
47325,43
47326,50
47329,58
47330,47
47335,47
47338,42
47339,49
47340,46
47342,44
47343,46
47344,47
47345,48
47348,49
47349,60
47355,48
47360,46
47362,53
47367,54
47378,47
47379,48
47380,47
47381,56
47382,53
47383,53
47384,53
47385,53
47391,55741
47428,50
47442,53
47443,49
47448,67
47454,46
47456,46
47457,47
47459,72
47460,46
47462,58
47464,57
47469,63
47476,52
47477,52
47480,48
47484,51
47485,55
47486,53
47488,49
47489,66
47491,72
47492,60
47494,52
47495,48
47496,48
47497,68
47498,62
47505,51
47506,50
47507,48
47513,48
47514,47
47515,49
47516,50
47520,49
47521,47
47522,54
47525,55
47526,50
47530,48
47532,50
47533,46
47534,46
47538,59
47541,66
47545,57
47546,58
47551,58
47552,59
47553,61
47554,55
47555,57
47556,60
47557,56
47558,61
47563,54
47564,56
47565,58
47566,66
47567,68
47568,62
47569,59
47570,61
47571,56
47576,65
47577,65
47578,57
47580,59
47581,59
47582,64
47583,59
47585,55
47587,53
47588,54
47590,46
47593,52
47601,49
47603,47
47604,54
47606,53
47607,54
47608,70
47609,47
47612,334
47623,975
47629,62
47639,28705
47640,67
47642,65
47643,64
47646,62
47647,61
47648,61
47649,63
47650,66
47654,60
47655,44
47662,49
47668,45
47671,45
47673,44
47674,66
47675,50
47678,45
47679,43
47680,43
47681,43
47682,48
47683,49
47684,50
47685,43
47686,43
47687,44
47688,42
47689,42
47690,46
47691,43
47692,42
47693,42
47694,47
47695,44
47696,58
47697,58
47698,60
47701,57
47702,57
47703,59
47704,84
47708,58
47709,43
47711,55
47732,56
47735,55
47740,46
47744,45
47749,49
47751,69
47753,44
47754,55
47760,64
47762,74
47763,80
47765,69
47767,71
47770,47
47771,47
47772,46
47773,48
47774,71
47775,98
47776,79
47778,1321672
47790,500928
47797,73
47800,119
47801,46
47802,45
47803,47
47804,46
47805,46
47806,49
47807,50
47808,48
47809,63
47812,50
47813,49
47820,54
47821,54
47822,54
47823,53
47824,53
47825,54
47826,57
47827,57
47828,50
47829,46
47830,51
47831,52
47832,51
47835,47
47836,44
47837,48
47841,53
47842,51
47843,58
47845,52
47846,49
47847,48
47848,52
47849,46
47850,49
47851,50
47853,48
47855,49
47856,53
47860,53
47869,47
47879,47
47880,48
47883,48
47884,45
47885,47
47887,63
47888,46
47891,49
47892,50
47893,46
47894,48
47895,47
47897,48
47898,48
47899,47
47900,55
47902,51
47917,480965
47925,46
47927,53
47930,44
47932,44
47933,47
47934,51
47936,48
47937,43
47939,48
47943,45
47944,65
47945,69
47946,72
47947,73
47948,71
47949,73
47951,73
47952,82
47954,85
47955,76
47956,69
47957,72
47959,67
47960,102
47967,45
47968,50
47969,53
47971,96
47976,46
47977,114
47978,80
47982,82
47986,73
47987,69
47988,69
47989,86
47991,75
47992,103
47996,95
47998,111
48005,86
48007,93
48009,91
48010,114
48011,71
48012,79
48014,53
48015,54
48016,80
48017,82
48019,44
48021,71
48022,82
48024,76
48025,76
48028,80
48029,78
48030,88
48032,74
48034,74
48035,87
48037,75
48038,77
48043,81
48044,95
48046,74
48047,72
48048,83
48049,77
48050,74
48051,86
48053,76
48058,79
48059,80
48061,79
48062,86
48064,50
48065,71
48067,82
48068,85
48069,76
48070,74
48072,84
48073,72
48074,75
48076,107
48077,82
48078,73
48079,84
48080,76
48081,73
48082,75
48083,77
48084,76
48085,74
48086,75
48087,92
48088,72
48089,81
48090,79
48091,72
48092,71
48094,81
48096,74
48100,75
48102,89
48107,83
48113,85
48114,94
48118,81
48133,64
48134,82
48135,63
48137,51
48141,47
48142,51
48143,61
48144,62
48145,64
48148,55
48151,74
48153,55
48154,72
48155,55
48156,76
48157,72
48159,61
48160,65
48161,83
48163,71
48165,77
48166,50
48169,65
48170,64
48172,72
48174,71
48175,60
48187,102
48189,58
48192,83
48193,106
48195,89
48197,101
48198,128
48200,70
48202,47
48203,160
48206,78
48207,85
48208,126
48209,79
48210,74
48212,81
48213,59
48214,92
48215,83
48217,80
48218,94
48220,86
48221,130
48223,96
48225,59
48226,63
48227,81
48228,116
48229,83
48231,177
48235,1113
48239,150107
48245,97
48250,287
48252,18487
48253,67
48254,125
48255,49
48256,159
48257,127
48258,75
48259,66
48260,138
48262,209
48263,148
48264,117
48266,141
48273,359
48276,125
48277,75
48280,68
48287,147
48288,140
48289,90
48290,238
48292,141
48294,66
48295,76
48298,60
48299,47
48300,43
48301,124
48303,136
48304,151
48307,119
48309,61
48311,67
48316,534721
48317,94
48318,209
48321,137
48322,86
48323,149
48324,94
48325,129
48326,143
48327,135
48328,84
48331,107
48332,149
48333,130
48334,121
48335,231
48338,123
48339,137
48340,196
48341,125
48342,161
48343,389
48344,131
48346,135
48347,280
48349,144
48350,170
48363,44450
48365,2299
48391,1602
48406,127548
48413,453938
48414,239753
48415,258617
48417,300935
48441,33111
48442,1987
48466,31650
48470,24151
48471,144201
48483,469819
48486,342
48488,107261
48491,23319
48492,92503
48495,479
48505,41720
48510,259
48517,523
48539,186
48542,100559
48549,399294
48553,174781
48556,489917
48567,39418
48569,458057
48580,503863
48583,1185179
48594,179
48633,118988
48643,217997
48644,20690
48649,63834
48675,261375
48680,23525
48702,80069
48736,984065
48742,54942
48753,238794
48760,283823
48761,280729
48762,181
48763,139
48770,462
48775,28736
48776,53659
48777,19404
48779,91291
48789,213
48790,267
48804,89919
48842,147154
48849,291912
48857,30902
48858,36024
48859,1959
48862,7048
48895,484596
48904,221
48916,36358
48926,839911
48981,64508
48997,162537
49040,21505
49052,193697
49065,128
49069,85
49070,137
49071,129
49078,217
49079,400
49109,100765
49110,11700
49114,260651
49116,80
49121,154
49154,92724
49160,35455
49179,4717
49184,821
49220,319167
49221,381
49263,17903
49285,5206
49292,42554
49304,19052
49326,186
49342,25358
49376,20917
49385,54270
49387,513438
49431,3153
49438,191340
49470,265467
49505,32573
49514,20882
49515,21869
49519,51395
49520,315257
49533,23550
49551,4790
49555,248
49556,37960
49596,602200
49612,148012
49664,1177
49691,23967
49692,64210
49709,256611
49721,177094
49738,76347
49766,33764
49776,203181
49780,8303
49782,111802
49784,172778
49819,5929
49820,3985
49828,138989
49831,39471
49849,61025
49858,66208
49871,2805
49891,245780
49894,87934
49918,582014
49920,153
49926,682286
49930,231906
49960,71
49961,67
49965,65
49966,73
49967,77
49968,77
49969,44140
49970,72
49971,76
49979,149958
49980,92782
49992,103
50002,58785
50010,11175
50012,13049
50052,234
50060,5749
50099,14182
50141,322
50142,163
50160,56821
50172,612114
50175,277330
50184,63838
50185,72516
50193,512
50197,258309
50203,30833
50204,65046
50205,94563
50220,131239
50221,22700
50248,59979
50250,2587
50265,1425562
50267,9852
50273,356892
50281,9037
50284,13826
50285,2440
50287,29903
50307,221771
50330,254106
50338,56971
50346,540327
50348,57429
50379,15514
50380,275466
50384,56868
50416,215010
50418,2487
50425,271679
50438,8976
50461,277274
50470,22272
50481,128366
50495,1345
50522,831
50528,86735
50552,23703
50559,3662
50582,114223
50583,20693
50586,20546
50590,77000
50599,9265
50600,452
50602,823289
50606,60689
50607,5287
50608,314525
50613,93556
50631,451128
50638,16213
50652,80198
50663,41506
50664,73468
50678,13183
50681,364
50685,12618
50695,32469
50709,450107
50710,160804
50739,266933
50760,18417
50789,7372
50796,178448
50799,244
50854,143416
50862,11041
50864,44608
50871,8854
50891,55193
50917,31098
50923,66345
50932,177628
50955,14462
50985,3780
50995,122
50997,158
50998,177
50999,11261
51009,616059
51019,697310
51020,67808
51037,642
51064,206770
51085,155
51092,18687
51096,556181
51098,155863
51105,254072
51128,119809
51132,294
51139,15202
51154,249
51155,860
51179,425026
51212,96472
51213,256633
51215,47475
51219,86489
51235,58
51252,134487
51265,105679
51293,13480
51297,71474
51304,28872
51305,13567
51306,28718
51368,51489
51371,33861
51381,101293
51403,123645
51415,8814
51417,216930
51458,53667
51462,172124
51464,34390
51495,87756
51498,168396
51536,13039
51552,206215
51569,1938
51586,11958
51614,50137
51632,114606
51636,797
51678,129710
51680,83233
51692,12659
51693,153099
51695,100
51705,119959
51706,104808
51711,140025
51752,156
51753,156
51754,138
51755,213
51764,82547
51773,8218
51794,37304
51815,175976
51817,47474
51837,116771
51839,353
51916,75288
51923,26993
51940,7000
51956,20960
51958,280227
51986,4909
51997,200
52030,154
52034,671975
52046,172301
52052,174
52053,203
52062,77
52063,67
52066,180
52076,234
52079,2250
52081,51519
52082,58249
52092,114894
52093,157474
52162,661
52173,180754
52193,140177
52210,65
52211,382988
52214,32984
52219,88
52229,29552
52274,37758
52305,343769
52308,115375
52319,352
52337,320
52347,66224
52369,91
52370,92
52371,64
52381,19121
52390,184
52446,125356
52460,700
52461,78551
52463,269
52471,75
52505,91568
52578,208118
52608,134810
52611,60805
52614,6531
52619,99971
52657,124421
52736,167182
52737,94
52738,90
52741,91392
52744,59
52814,4452
52815,289
52826,48981
52830,250651
52934,44181
52935,476
52955,156029
52962,26384
52964,366
52968,122
52969,113485
52973,94847
52976,35521
52985,26892
52990,84683
52991,178772
53011,921
53012,8987
53019,57
53021,111
53026,28585
53035,62
53040,54763
53042,97
53043,93
53044,148
53050,136840
53077,10946
53087,56
53089,76
53090,54
53097,12882
53111,184588
53115,59
53116,56
53126,333756
53132,8736
53162,14311
53163,36943
53179,40791
53199,75845
53200,105740
53213,71487
53231,1705
53237,31014
53262,28292
53263,72109
53300,42259
53320,354
53371,119
53372,124
53379,82221
53380,115
53381,134
53393,384782
53408,214
53411,233815
53424,4476
53426,3290
53428,35986
53438,64207
53439,61984
53446,188222
53494,37409
53514,233
53526,11966
53587,20106
53613,182391
53621,57960
53632,110172
53633,7001
53651,117
53652,109
53655,589
53673,55
53674,47
53698,11950
53716,7837
53787,38315
53828,48
53830,134
53833,46217
53848,15620
53874,20723
53876,23912
53879,63462
53881,23314
53887,266772
53910,68
53998,206654
54040,4363
54041,19016
54051,82
54052,82
54070,58
54077,57
54078,58
54103,43023
54112,381315
54128,76
54178,108
54216,378
54227,49
54234,157818
54259,43421
54275,69255
54291,68
54293,71
54301,34915
54362,70849
54431,27585
54595,185500
54616,13671
54630,970
54638,3379
54644,618
54659,197
54667,100
54714,68949
54716,4537
54738,9165
54743,50951
54760,56488
54762,424
54781,561
54790,107314
54798,17097
54803,7757
54842,42478
54847,906
54848,256
54852,29726
54854,2085
54856,250319
54858,6666
54868,48
54871,169
54873,62
54883,26666
54898,133792
54914,2126
54918,100265
54933,828
54947,32265
54959,12173
55020,220
55047,288
55048,85
55078,55
55087,61
55091,58
55105,70
55153,17681
55166,5171
55195,248
55219,59
55257,50
55285,72
55310,13819
55659,113
55660,120
55742,49381
55775,2912
55837,55
55838,60
55894,16756
55948,209
55977,200
56058,47
56105,1691
56129,96
56132,81
56151,30
56263,58
56264,48
56265,52
56266,60
56267,62
56272,72
56274,60
56275,47
56277,47
56279,41
56280,43
56282,44
56283,43
56290,67
56297,41
56299,40
56300,41
56303,43
56304,41
56305,42
56306,45
56307,47
56308,56
56345,53
56354,61
56356,38
56357,41
56358,51
56359,42
56360,34
56361,36
56368,48
56409,44
56410,35
56411,40
56412,35
56413,32
56414,32
56462,35
56463,37
56468,36
56475,50
56476,40
56477,39
56478,31
56479,43
56480,38
56481,78
56482,34
56483,48
56484,96
56487,762
56498,32
56499,34
56504,161
56505,160
56560,60
56566,1096
56572,60
56573,31
56574,55
56575,41
56588,327
56674,83
56677,151
