anime_id,demographic
5114,Shounen
9253,
28977,Shounen
41467,Shounen
38524,Shounen
9969,Shounen
11061,Shounen
43608,Seinen
15417,Shounen
42938,Shoujo
34096,Shounen
918,Shounen
52991,Shounen
35180,Seinen
4181,
2904,
37491,Shounen
35247,
19,Seinen
51009,Shounen
47917,
36838,Shounen
40682,Seinen
49387,Seinen
37510,
40028,Shounen
53998,Shounen
32935,Shounen
47778,Shounen
17074,
48583,Shounen
52034,Seinen
263,Shounen
1,
54595,
37521,Seinen
50160,Seinen
24701,Seinen
33095,Josei
2921,Shounen
48569,
50172,
21,Shounen
1575,
245,Shounen
21939,Seinen
45576,
46102,
54898,Seinen
33352,
34599,
457,Seinen
5258,Shounen
41084,
23273,Shounen
11665,Shoujo
40591,Seinen
28891,Shounen
40748,Shounen
2001,
34591,Shoujo
22135,Seinen
35760,Shounen
1535,Shounen
19647,Shounen
37991,Shounen
50265,Shounen
33,Seinen
32983,Shoujo
10379,Shoujo
28735,Josei
7785,
44511,Shounen
11741,
40417,Shoujo
40776,Shounen
5300,Shoujo
877,Shoujo
16498,Shounen
170,Shounen
40834,
12365,Shounen
30484,
38474,
801,Seinen
35839,
35843,Shounen
37779,Shounen
205,
25777,Shounen
30276,Seinen
31933,Shounen
47194,Shounen
12431,Seinen
38000,Shounen
32182,
30654,Shounen
3297,Shounen
36649,Shoujo
6114,Seinen
50330,Seinen
37379,Josei
392,Shounen
10165,Shounen
31181,
40059,Seinen
53887,Shounen
36999,
42203,
20583,Shounen
26055,Shounen
37105,Seinen
2246,
49721,Shounen
38889,Shounen
467,Seinen
34612,Shounen
33255,Shounen
46095,
136,Shounen
37999,Seinen
5028,Shounen
37965,
35557,Seinen
39551,Shounen
49926,Shounen
31646,Seinen
22789,
14397,Josei
5941,Shounen
39535,
39808,Seinen
9756,
39547,
2251,
38883,Shounen
10030,Shounen
41025,Shounen
51179,
30,
10162,Josei
49918,Shounen
13601,
39587,
22535,Seinen
5040,Seinen
2559,
41487,Shounen
338,Shoujo
5081,
46654,
185,Seinen
28701,
39533,
17389,Seinen
7655,Shounen
6594,
5420,
51019,Shounen
4081,Shoujo
1210,
5341,
49596,Shounen
31988,
48316,
12531,Josei
24415,Shounen
9989,
2402,Shounen
31043,Seinen
30230,Shounen
41457,
57,Shounen
50602,Shounen
486,
45,Shounen
39247,
13125,
25835,
38691,Shounen
10087,
22507,Seinen
43325,Shounen
44940,Shounen
34798,
1698,Josei
19363,Shounen
3002,Seinen
38731,Shounen
54856,Shounen
23327,
32937,
1735,Shounen
329,Seinen
52578,Shounen
37520,Shounen
10271,Seinen
37450,
53111,
37989,Seinen
11843,
33051,
5690,Josei
31240,
44055,
1842,Shounen
2966,
38003,Seinen
48736,Seinen
38680,Shoujo
40052,
45577,
2150,Kids
6,Shounen
53393,Seinen
3091,Seinen
23847,
25681,Shoujo
16894,Shounen
18115,Shounen
627,Shounen
35838,
9863,Shounen
49052,Seinen
1142,Josei
42897,Shounen
6811,Shounen
49114,Shounen
54714,Seinen
440,
50709,
1453,Seinen
558,Shounen
3226,Shounen
40729,
32843,
37171,Seinen
54959,
32867,Seinen
18195,
23623,Seinen
7674,Shounen
34636,Shounen
10800,Josei
22297,
1889,
962,Shounen
1519,Seinen
235,Shounen
40852,Shounen
813,Shounen
7791,
38481,
40911,Shounen
232,Shoujo
48549,Shounen
18,Seinen
186,Seinen
853,Shoujo
50380,
30503,Shounen
28171,Shounen
34572,Shounen
53411,
28223,
37962,
46569,Shounen
3701,
11597,
4477,Josei
721,
50416,Seinen
37430,Shounen
51096,
39792,Seinen
239,
50528,Seinen
36296,Seinen
1604,Shounen
35857,Seinen
1827,
39592,Shounen
18689,Shounen
6746,
121,Shounen
2581,
30831,
8129,Josei
302,
52826,
33486,Shounen
40815,
20899,Shounen
14713,Shoujo
48895,
339,
28025,
34076,
23283,
24833,Shounen
16918,Shounen
15059,Seinen
49709,Shounen
135,Shounen
39198,Shounen
3927,
50796,Seinen
13759,
4722,Shoujo
32282,Shounen
4224,
54112,Seinen
42429,
12189,
22145,Shounen
19815,
1486,Shoujo
11771,Shounen
50631,Shounen
35062,Shounen
42941,
52741,Shounen
40907,Shounen
24277,Shounen
39783,Shounen
6547,
1471,Shounen
2025,
27833,
38668,Seinen
1974,Shoujo
8425,
38993,Shounen
237,
31251,
41402,Shounen
1559,Shounen
34822,
2164,
18679,
2034,Shoujo
25013,Shoujo
37870,
889,Seinen
36456,Shounen
72,
2004,Seinen
1482,Shounen
589,Shounen
153,
1914,Shoujo
42923,
535,
16049,
6211,
14813,
40174,
27663,Shounen
7054,Shoujo
14513,Shounen
44235,Kids
49782,Seinen
16706,Shounen
6045,Shoujo
35788,Shounen
1065,Shounen
66,
2167,
4789,
16,Josei
27989,
9996,Seinen
39468,
20,Shounen
50346,Shounen
861,Seinen
23199,
40716,Shounen
9656,Shoujo
40397,Shounen
846,Shounen
53199,
77,
16067,
46422,Shoujo
7720,Seinen
30015,
35790,
42249,Shounen
31173,Shoujo
42250,
27831,
387,
39570,Seinen
223,Shounen
967,Shounen
33206,
25879,Seinen
32615,
996,Shoujo
1530,
5678,
41169,
20507,Shounen
36949,Shounen
2076,Shounen
10721,
17549,Seinen
10049,Shounen
31174,
5682,
2618,
35968,
54790,
38084,
122,Shoujo
269,Shounen
21855,
38337,
11239,
38080,Shounen
15689,
52347,Shounen
18179,Shounen
658,Seinen
15,Shounen
73,
11739,Shounen
427,
6774,
12031,Seinen
17265,
37675,
29803,
27775,
48580,Shounen
51552,
28,Shounen
30279,
14075,Shounen
1470,Shounen
38408,Shounen
790,
35222,Shoujo
3907,Shounen
9289,
7062,
13331,Seinen
85,
48926,Shounen
27947,Seinen
1088,
28297,Shoujo
114,Shounen
12815,Josei
37786,
32995,
3228,Shounen
41389,Shounen
31098,Shounen
532,Shoujo
2924,
31339,Seinen
2829,
14719,Shounen
49828,
3572,
957,Shoujo
24,Shounen
10080,Shounen
1695,
36563,
2159,Seinen
20057,
2158,Shounen
31964,Shounen
7645,
36028,Seinen
934,
36593,
1594,
35075,Seinen
52976,Seinen
51680,
55742,Shounen
569,
54918,Shounen
22,Shounen
6377,Shounen
35507,
9513,Shounen
37435,
48702,Seinen
2828,Kids
249,Shounen
42745,
25517,Shounen
322,Josei
2605,Shounen
9941,
37029,Seinen
5680,
39534,Shounen
31741,Shounen
795,Shoujo
400,Seinen
11123,
3588,Shounen
52093,Shounen
17909,
53126,
6586,Shoujo
849,
32093,
52305,
890,
32998,
39195,Shounen
388,Shounen
23289,
267,
3604,
40046,
4087,
39575,
12445,Shounen
6582,Seinen
10521,Seinen
12403,
31478,Seinen
2035,Seinen
49220,
1485,Shoujo
46352,Seinen
2471,Kids
2471,Shounen
40956,Shounen
28669,
2762,Shoujo
253,Shounen
33489,
34745,Shounen
49784,Shounen
50739,
1172,
202,
21185,Shounen
1472,Shounen
12413,Seinen
42670,
34451,Shounen
97,
51297,Shounen
397,
43439,Seinen
45055,Shounen
22319,Seinen
40935,Shounen
1491,
283,
966,Seinen
41461,
29787,
49738,
20431,Seinen
3545,Shounen
48849,
80,
49776,
1425,Seinen
19111,
13203,Seinen
7588,Seinen
552,Kids
31433,
21877,Seinen
26,
95,
3750,Shoujo
35073,
210,Shounen
30727,
30123,Shoujo
31733,Shoujo
1571,Shoujo
29095,
28999,
1473,Shounen
2508,Seinen
5630,
32673,Seinen
39196,Shounen
353,
1254,Shounen
154,Shounen
93,
11887,
4080,Shoujo
1887,
52955,Shounen
709,
39940,Shounen
1818,Shounen
40906,Shounen
1281,
17895,
15809,
43691,Shoujo
1279,
5005,Seinen
1293,Shounen
407,Shounen
18153,
8795,
31592,Kids
7724,Shounen
534,
37924,
530,Shoujo
38145,
6033,Shounen
47164,
19319,
740,Shoujo
31637,
47160,
10357,
8311,Shounen
50273,Shounen
479,Shounen
1562,Shoujo
50203,
24893,Seinen
19703,
9074,Seinen
6024,Seinen
14741,
51916,
38671,Shounen
33899,
38619,
4814,
2582,
5074,Seinen
51536,
43523,
1000,Seinen
40620,
34284,
35860,Shounen
34914,
32370,Shounen
5835,Shoujo
5231,
8426,Seinen
48553,
39959,
120,Shoujo
28907,
36094,Seinen
50608,Shounen
1375,
516,Shounen
48916,
51678,Shounen
50613,Shounen
32491,
324,
35240,
20847,Shounen
90,
7193,
477,Shounen
8516,
22777,Shounen
53716,
40357,
53446,
34445,
2451,Shounen
182,
6213,
323,
2547,
2104,Shounen
5485,Shounen
35503,
33502,
37956,Shoujo
3841,Seinen
13535,Shounen
4192,Shounen
38101,Shounen
48804,
28249,Shounen
33337,Seinen
21405,Seinen
33354,Shoujo
233,Shoujo
8687,Kids
8687,Shounen
12883,
36653,
8525,Shounen
10460,Shounen
4898,Shounen
50695,Seinen
9510,Shounen
23755,Shounen
5530,Shounen
396,
31227,Shounen
2963,Seinen
14511,Seinen
31764,
22043,Shounen
31859,
6956,Seinen
31783,Shounen
39071,
12021,Seinen
36513,Seinen
9926,
19775,Seinen
32717,
21995,Shoujo
39681,
874,
74,Shoujo
34542,Seinen
42625,Seinen
14941,
1239,Shoujo
52229,
32979,
240,Seinen
488,
852,Shoujo
48491,
251,Shoujo
1412,Seinen
1915,
444,Shoujo
290,
18119,Seinen
32792,
28927,Shounen
32729,Shoujo
65,Seinen
582,Shounen
21843,
32977,
52193,
150,
951,Shoujo
60,Shounen
345,Seinen
22265,
24765,
25649,
54842,Shoujo
53526,
856,
30549,
6444,Shounen
10278,
2557,
18245,
43299,
331,Shounen
7592,Shounen
35067,
30240,Seinen
32836,
47257,
1690,Seinen
32948,
123,Shoujo
18055,Shoujo
54362,Shounen
160,
228,
3713,
37869,
71,
36704,
50425,Seinen
106,Shoujo
22101,Shoujo
1650,
24439,Shounen
1606,Shounen
35079,
5494,
1483,Seinen
42351,
145,Shoujo
2985,Shounen
1699,
49858,
41433,
1946,
110,Shounen
37972,
41488,Shounen
35672,
39597,
15731,
50307,Shounen
969,Shounen
24405,Shounen
35789,Shounen
9441,Shoujo
96,
51815,Seinen
34973,
34577,Shounen
33253,Seinen
42238,
2213,Shounen
35972,Shounen
31931,
4725,Shounen
132,Shounen
2800,Shoujo
2229,Shounen
6702,Shounen
37958,
51462,
1567,Shoujo
36470,
29854,Shounen
10495,
23321,
18897,Shounen
584,
40351,Kids
39355,
40392,Shounen
5507,
52211,Shounen
31953,
10161,
53874,Kids
17249,
7647,Seinen
48779,Seinen
23251,Shounen
9065,Josei
1356,Shounen
2037,Shoujo
2012,Shounen
27991,
38578,
34902,Shounen
36474,
1985,
21435,
1372,Seinen
2558,
28677,Shounen
40221,
40571,
5162,Seinen
3001,Seinen
3673,Seinen
2549,
34561,
32542,Seinen
8675,Shounen
2787,
34547,Shounen
1557,Shoujo
880,Seinen
18671,
129,Shounen
37141,Shounen
37007,Shounen
17,Shounen
67,Seinen
53881,
33988,Seinen
28121,
7661,Seinen
38790,
49891,
18139,Seinen
16241,Seinen
32681,
4651,
36754,Josei
250,Shounen
42590,Shounen
340,Shounen
36038,
51105,
24135,Shounen
11371,Shounen
50221,
6802,
33089,
1087,Shounen
22817,Shounen
7627,Shounen
2112,Shounen
708,
209,
3369,Shounen
32828,Seinen
2214,Shounen
455,
41120,
21327,Shounen
53621,Shounen
567,
8937,
10033,Shounen
177,Shounen
40590,
691,Seinen
1563,Shoujo
23135,
6347,
43756,
50248,
1251,
14131,
4039,Seinen
41694,Seinen
37497,
103,Shoujo
4981,
20031,Seinen
8086,
31376,Shounen
2026,Shounen
2405,Shoujo
2002,
914,
10216,Seinen
37976,
53879,Shounen
50590,Josei
5274,Shounen
1212,
10588,
34134,Seinen
6634,
6773,
2562,
46093,
52308,
218,Shounen
38804,
40879,
5249,Shounen
50663,
31821,Shounen
54743,Seinen
31706,
23269,
50197,
3470,Shoujo
52736,
1642,Shoujo
34984,Seinen
51958,
10790,
35241,Seinen
12487,
26243,Shounen
38659,
857,Shounen
9919,Shounen
1050,Shounen
3213,Shounen
21273,
551,Shounen
270,Seinen
379,Seinen
3092,
12291,
15061,
35015,
11111,
21743,Shoujo
226,Seinen
17729,
15451,
37614,Shounen
40540,
2608,Seinen
481,Shounen
29,Seinen
10568,
2227,Shoujo
22693,
13655,
40504,Shounen
23277,
37426,
142,Shoujo
727,Shoujo
35828,
36522,
38555,Shoujo
10378,Shounen
22199,Shounen
587,
39049,
14227,Shoujo
53833,
16005,Shounen
5712,Kids
2820,Kids
1459,
1651,
3317,
18497,Shounen
435,Shoujo
352,
351,
34262,Shounen
53876,Kids
5671,Seinen
3420,
15793,
51215,
22147,
1069,
48542,
40454,
287,Shounen
2987,
1852,
36220,
50854,
1391,
35821,Seinen
1663,
8217,
12679,Shounen
16524,
8726,Seinen
37475,Shounen
37984,
39491,
327,
355,
8407,Shounen
50287,Shounen
334,Shoujo
15315,
30296,
166,
879,
21573,
102,Shoujo
1614,Shounen
13349,Josei
33731,Shounen
49930,
40685,
2257,
28979,Shounen
3036,
44191,
3972,Shounen
200,Shounen
3613,
11319,
48643,Shounen
333,
593,
37890,Seinen
8476,Seinen
490,Shounen
37975,Seinen
30736,
6573,
30694,Shounen
50002,Shounen
18465,Seinen
13115,Josei
39730,Seinen
40842,
14467,
1327,Shounen
32696,
8215,
37349,
2409,
24703,
3731,Shoujo
9938,Seinen
40870,
49980,Shoujo
696,
3974,Seinen
13663,Shounen
16011,
1579,Josei
98,
10257,
16123,Seinen
30187,
18523,Shounen
9834,Shounen
15051,
76,
48483,
10620,Shounen
35078,Shounen
3199,
64,Seinen
2903,Shounen
2596,
8557,Shounen
5262,Shoujo
11433,
40904,
36934,Shounen
25183,Seinen
2749,
10793,
14289,Shoujo
5141,
3672,Shounen
33094,
50710,Shounen
1840,
16417,
156,Shoujo
5075,
20785,
14527,Shounen
54301,
23281,
1608,Seinen
2923,Shoujo
59,Seinen
51586,
5684,
364,Seinen
242,Josei
4060,Kids
42994,
22729,
31580,Seinen
11235,
586,
6093,Shoujo
505,
134,
25731,
15613,Shoujo
38472,
34012,
47159,
183,Shounen
181,
4416,
40908,Shounen
1590,
32526,
36565,Shounen
19291,Kids
165,
34494,
2942,
38959,
11933,
527,Kids
573,
167,
38787,Shounen
5233,
2548,
2225,
41587,Shounen
37597,
52505,Shounen
344,
54103,
11013,Shounen
17080,
25,Seinen
1728,Shoujo
2014,Seinen
2203,
50552,Shounen
25519,
113,
42587,
489,
53040,Shounen
31798,
1972,
40496,
20541,
1060,Seinen
2084,
1873,Shounen
42391,
6056,Shounen
130,Josei
131,Josei
2216,Seinen
52082,Shounen
35756,
40056,
33028,
501,Kids
501,Shounen
1684,
35889,
6895,Josei
2228,Kids
1292,
2813,Kids
2036,
2553,
39586,Shounen
39988,
2757,
798,
763,
15911,
2204,Shounen
38992,
50185,
168,
1878,
1454,
44204,Shounen
40513,Seinen
27787,Shounen
20709,Shoujo
23421,
47790,
12149,
24037,
33506,Shounen
18893,Seinen
40060,
23311,
506,Shoujo
32648,Shounen
714,Shounen
30344,
4654,
38005,
10798,
53698,
92,
8841,
2040,
2044,
2834,Shoujo
4062,Shounen
50461,
238,Shounen
34102,
3006,
40004,Shounen
53439,
2116,Shounen
54803,Shounen
5267,Kids
2330,
34787,
50685,
3549,
38753,Shounen
1589,Seinen
55310,
68,Shounen
18507,
15863,Seinen
48857,
38476,
11617,
33241,
33490,Kids
9893,
10232,
970,
3712,
52173,
3358,
3225,Seinen
54883,Seinen
30016,
616,Shoujo
350,
18041,Seinen
38759,
5355,
2039,
52973,Shounen
4114,
13599,
10884,
2758,
40902,Shounen
2555,
50,Seinen
2817,
29067,
1858,
48649,Seinen
21681,
35376,Seinen
1021,Shoujo
2337,Shounen
5832,
764,
198,
34086,
944,
3009,Shounen
48471,
1744,Shoujo
35249,
2544,
3272,Shounen
16353,
2818,
5953,
38483,
36652,Seinen
43470,
5984,
5909,
7662,
2986,Seinen
653,
31500,
49438,
49520,Shounen
280,Shoujo
1536,Shounen
53613,Seinen
42192,Shounen
52081,Shounen
476,
14811,
36884,
32105,Shounen
33654,
34863,
17505,Shounen
2489,
33983,
161,Shounen
16009,
483,
1426,Seinen
519,Shounen
158,Shoujo
5273,
272,
42826,
959,
8676,
14345,Seinen
1886,
36317,
33362,
6381,
13333,
27,
2129,
878,
4038,Shounen
855,
4884,
2577,
3859,Shoujo
37993,
1891,
1892,
3958,Shounen
845,
4186,
31884,
40497,
99,
51794,Shounen
5395,
35330,
2744,Seinen
710,Seinen
1231,
11499,Shounen
5277,Seinen
15751,Shounen
4061,Kids
152,
32175,Shoujo
101,
14967,
38186,Shounen
1674,Shounen
6149,Shoujo
26349,
18229,
356,
49692,
40938,
1316,
42361,
40272,
37403,Shounen
34618,
3460,Kids
1678,Shounen
5197,
6574,Seinen
5150,Shounen
35413,
75,
2927,
28623,
45486,
633,Shoujo
28013,
2253,Shounen
2929,
6712,Shounen
9181,Shounen
1655,
31414,Shoujo
1565,Kids
28497,
18295,
52,Shounen
3577,
41833,Shounen
3342,
3655,Shounen
13585,Josei
42282,Shoujo
52657,
11179,
12753,
4618,Seinen
44275,
5034,Shounen
30649,
4189,
2916,
411,
30901,
7,
42962,
738,Shounen
335,Shounen
50384,Seinen
42340,
2835,Shoujo
2361,
50664,
4028,
45425,
5958,Shounen
282,Seinen
6676,
11633,Seinen
40532,
1222,Shoujo
22433,Shounen
1450,
39026,
1250,Shounen
15109,Shounen
2400,Shounen
2484,
20689,
34281,
27829,
28869,Kids
1410,
31771,Shounen
4690,Shounen
5760,Shounen
37347,
21039,
41710,
6980,Kids
4550,
13261,
34933,Shounen
2816,
28621,
42668,
37023,Kids
4375,
4483,Shounen
5597,Shounen
14833,
12467,Seinen
51498,Shounen
326,Josei
15651,
16732,
29325,
40974,
10110,
6560,
29786,
306,
49979,Shoujo
37716,Shounen
485,
32189,
8915,
38656,Shounen
1313,Kids
8503,Kids
1534,
2030,
1524,
3568,Shounen
655,
3327,
386,Shounen
3335,Shoujo
940,
35639,
40833,
3010,
30911,
52962,
550,Shounen
1195,
5226,
341,Shounen
9241,
4382,
4663,Shounen
50652,
2806,
935,
30740,Seinen
606,
5834,Shounen
1374,Shounen
330,Shounen
38098,Shounen
6067,Shounen
1722,Shounen
9061,
1040,Shoujo
6030,Seinen
22273,
960,
11759,
37204,
5356,
37140,Shounen
34279,
15699,
246,Shounen
20853,
53262,
54041,
5675,
2825,
16592,
2748,Shounen
424,
915,Seinen
20509,
4551,Shoujo
38480,
7058,Shoujo
2087,
1932,
1808,Shoujo
3692,
10870,
2487,
51458,
13409,Seinen
48406,
5854,
33726,Josei
37086,Shounen
3437,Shounen
1110,Shoujo
3467,
2152,
1846,
31374,Shounen
2043,Shounen
10396,
2913,
35849,
1126,
12875,
27631,
24625,
41006,
40230,
41514,
953,Shoujo
11757,
11341,
6758,
2683,
482,Shounen
8934,
173,Shounen
3000,Seinen
3322,
712,
274,
37178,
4903,Seinen
49040,Seinen
2933,
107,Shounen
19369,
3765,Shoujo
34126,
4581,Shounen
5525,Josei
40128,Seinen
104,Shoujo
2383,
19163,
36633,
24031,Seinen
2222,Shounen
31163,Seinen
4726,
34662,
20457,Seinen
31670,Kids
7152,
39078,
40507,
37338,Seinen
3627,
652,
4119,
49519,Seinen
2113,
12711,Josei
35220,
94,
147,
31952,Seinen
1013,
604,
1397,
2736,
21105,
5091,
6116,
2200,
41619,Shounen
2283,
50932,
4068,Kids
1965,
1691,
2542,Shoujo
34290,
52934,
34712,Shoujo
3345,Shoujo
49376,Shounen
12979,Shounen
6023,
9981,
11697,Shounen
10163,
61,Shoujo
27525,
48760,
24231,
390,Shounen
180,
41762,Seinen
3044,Shounen
23587,
7955,
178,Shoujo
15379,
50338,Shounen
690,Shoujo
2038,
1164,
1196,
521,Shoujo
44273,Kids
3305,
4879,
2151,Kids
7769,
37578,
51986,Kids
1538,Shounen
48414,
41456,
1823,
100,Shoujo
1548,
10719,
369,
1312,
15583,
32494,Shounen
2803,
1845,
18411,Seinen
5041,
15225,
37490,
14645,Josei
28387,Seinen
51464,Shounen
30205,Shounen
2561,
2907,
6880,Shounen
1132,
48997,
2416,
49154,
42822,Shounen
48556,
3594,
1133,
19117,
3137,Shounen
37447,Shounen
6604,
40880,
31610,Shounen
518,
2518,
34978,
3136,
19221,
4067,Kids
1145,
1086,
41103,
2335,Shounen
32245,
6707,Shounen
276,Seinen
277,Seinen
8917,
5200,
8415,
2108,
529,Seinen
2254,
50184,
16201,Shounen
51614,
41520,
15611,
5670,
14765,
54234,Shounen
34915,
31178,Josei
54947,
3125,Shoujo
31370,Shounen
51692,
16668,
5079,Seinen
32949,Seinen
206,
1941,
6512,
2912,
51705,Seinen
32951,
22865,
5504,
311,Shoujo
2706,Kids
9346,
3230,
36144,
3231,
958,
394,Seinen
39184,
35834,
21437,
9379,
51020,
1371,
35847,
40530,
2486,Seinen
3754,
32924,Seinen
55153,Shoujo
2602,Shounen
2805,Kids
2926,
613,Shounen
1564,Kids
3806,
21561,
469,Shounen
3229,
8234,
24455,
2573,
195,
50917,
53,Seinen
50205,
40752,
332,Shounen
28825,Seinen
26441,Seinen
48775,
961,
4532,
39324,
990,
4050,
189,Shounen
21863,Seinen
32829,
2543,
31564,
49160,Shounen
53237,Shounen
39790,
34350,Seinen
36800,Shounen
6164,
1498,
3298,Josei
4549,
2333,
20787,
10444,
603,
2694,Seinen
478,
2747,Shounen
37579,
4752,Shoujo
49285,
1543,
16035,Josei
3670,
54852,
279,
51064,
1017,
1738,Shounen
11021,
1199,Kids
3363,
37126,
51956,
37302,
1138,
34104,
34607,
40529,Seinen
1835,
1108,Shounen
5702,
2810,
831,
10447,
568,
1683,
1826,Kids
992,
48505,
53438,Josei
17497,
1180,
42544,
33417,
687,Shoujo
5992,Seinen
2331,
3021,Shounen
1264,
3486,
41353,
1246,Seinen
34176,
53050,Shounen
144,
1516,Shoujo
4198,
1261,
10336,
2931,
3837,
1942,
22359,
678,Shounen
33031,
37451,
5032,Shounen
32887,
1490,
8074,Shounen
3270,
3638,
5658,Shounen
5983,
25159,
1860,
25157,Shounen
5397,
1897,
41109,
40327,Kids
6779,Kids
6203,Seinen
53263,
44203,
40763,
3281,Shounen
34106,Shounen
17247,
872,
52092,Seinen
51368,Shounen
607,
17467,Shounen
39292,
2109,
929,
5220,
32038,
6098,Seinen
40266,
930,
2799,
23539,Kids
876,
4896,
3614,
21851,
45653,Shounen
3738,
6917,Shounen
26165,
3110,
3059,
4191,
2570,
1601,
2110,
32094,
6974,
20973,
4063,Seinen
27441,
29163,
31588,Seinen
3432,
383,
48753,Shounen
1554,
52446,
971,Shounen
12651,Kids
14829,
1046,Shounen
395,Seinen
2230,
14653,Shounen
36906,
31405,
18277,
342,
1555,
2011,Seinen
553,Shoujo
1652,
50175,
40839,Shounen
634,Seinen
10456,
252,
1184,
1588,
41556,Shounen
8424,
34209,Josei
912,Shounen
12119,
23673,Shoujo
1569,
5023,
79,
11751,
10397,
4056,
21603,
1688,
11761,Shounen
32013,
16051,
42395,
34901,Kids
286,Shounen
40930,
58,
31417,
9539,
111,
9200,
4586,Kids
16982,Shounen
729,Shoujo
8206,
2569,
3418,Shounen
1602,
620,Shounen
27899,Seinen
53132,
10321,Josei
3332,Shounen
36475,
1128,
21439,Josei
33589,
19023,
3691,
21563,Josei
865,
33299,
16890,Josei
5030,
3550,Shounen
5440,
15905,
4021,Shoujo
2369,
3098,
35540,
5307,
1778,
998,Seinen
10210,
1929,
3185,
2815,Kids
2938,
17917,Kids
33573,
7081,Kids
11783,
1045,Shounen
2624,
1179,
31737,
1592,Seinen
508,Kids
22687,Seinen
41226,
21085,Seinen
19383,
36726,Shounen
10372,Seinen
6262,
1792,
2604,
3616,Shounen
12175,
36548,Seinen
4662,Josei
10370,Kids
284,Shounen
1236,
1493,Shounen
32313,
6747,Seinen
384,Seinen
3299,
247,
11785,
605,
16742,
5830,Kids
2415,Kids
3455,Shounen
4183,
41312,
5968,
8410,Kids
3424,
907,Shoujo
941,
39463,Seinen
10507,
2130,Shounen
30383,
50281,
3312,Shounen
52214,
456,
1025,
32899,Shoujo
41530,
31722,Shounen
12281,
37569,
34825,Seinen
9013,
39531,Seinen
33003,
3162,
52614,Shounen
30307,Seinen
35484,
8769,
35994,
20047,Seinen
8057,
2554,
230,Seinen
3079,
6901,
1962,
45782,
2819,Shounen
33203,Shoujo
598,Shounen
34009,
965,
754,
3667,
1573,Shounen
31815,
9712,
4086,
48252,Seinen
24211,Josei
34754,
48,
31080,
1550,Shoujo
36873,Seinen
1668,Shounen
41266,Seinen
750,
3116,Kids
5071,Kids
859,
32212,
3947,Seinen
30030,
9776,
8,Shounen
291,
1726,
3012,
40610,
2389,
24909,Kids
36536,
12321,Seinen
343,Seinen
39942,
4415,
3505,
5967,
8140,
2980,
48239,
4807,
7761,
2741,Shounen
3656,
40483,
1546,
162,Shounen
37221,
52461,
44037,
3858,
157,Shounen
2223,
1137,
4936,Shounen
5520,
325,Shoujo
1492,Shounen
3493,
5203,
116,
40586,
3631,
12293,
3561,
13163,Kids
26453,
52046,
7768,
32881,Shounen
33478,Shounen
1249,
45613,
48675,Shounen
32686,Shounen
3654,
16910,Shounen
621,
1093,Seinen
13659,
14749,
525,
27655,
1186,
38062,
9314,
127,
243,Shoujo
2705,Kids
751,
16157,
1848,
3159,Shounen
53379,
9331,
1707,
39017,Shounen
34338,
48417,
3827,Shounen
28617,
1710,
8542,Shoujo
1864,Shoujo
44516,Josei
3653,Seinen
50012,Shounen
39948,Shounen
31559,
11227,
419,Shounen
4214,Shounen
1104,
579,
2390,
33037,
2716,Shounen
4088,
1837,Shounen
30355,
15489,Shounen
28423,Shounen
229,
41345,
32962,
34034,Kids
34927,
42205,Shounen
789,
303,
5342,
3407,
33475,Shounen
38161,
3359,Josei
37206,
50985,
22189,
2165,
38235,
12963,
30375,
174,Seinen
28835,
37722,
3196,
32230,
39710,Seinen
2157,
39388,
5962,Kids
50586,Seinen
2363,Kids
37202,
19365,
31229,Josei
21671,Shounen
3356,Shoujo
3388,
9693,
37926,
800,Shounen
561,
538,
623,
873,
11457,Shoujo
2595,
29589,Shounen
1022,
16726,
3710,
40359,
21407,
636,
3737,
3457,Shoujo
308,
5039,Seinen
31442,
50923,Josei
39539,Seinen
592,
11835,
33019,
1214,Seinen
49819,
53494,
8394,Shounen
10155,
16385,
3053,Kids
5155,
21431,Seinen
31068,
37210,
36793,Shoujo
7817,Seinen
956,
1068,
17827,
126,
37259,Seinen
3689,
3811,
20945,
32555,
1587,
968,Seinen
42963,Shounen
3935,
11079,
36982,Kids
4411,
23201,
5914,
3349,
3436,Kids
6509,Kids
38301,
6324,Shounen
35905,
48761,
244,
1844,Shoujo
16512,
1448,
29785,Shounen
2598,
3129,
1568,Seinen
11837,Seinen
42385,
14355,
49263,
2404,Shounen
21511,
53163,Shounen
17741,Shounen
1578,Shoujo
1502,
23945,Shounen
53077,
6973,
10014,
36864,Josei
2579,Kids
27727,
3690,
35928,Seinen
36049,Shounen
51417,
4240,
4935,Kids
10359,
2556,
2772,Shounen
1672,
37496,
30544,
32607,
1465,Seinen
2804,
6008,
9906,
31680,
4208,
36432,
33023,
33421,
33240,
53848,Shounen
50010,Shounen
4151,Seinen
19831,
196,
13377,Seinen
677,
143,Shounen
51213,Shounen
169,
30363,
1517,
12191,
44881,Shounen
33371,Seinen
11285,
1675,
4554,Shounen
4334,
5534,
3285,Shoujo
24133,
18677,
4066,
3077,Seinen
5140,Kids
4073,
38256,
1469,
3313,
3615,Josei
2221,Shoujo
293,
28221,
9367,Seinen
40803,
3130,Kids
40148,
109,
38020,
32866,
2684,
13145,
43735,
9028,
11809,
8630,
115,
1603,
35589,
4548,Shounen
7904,
89,
2215,
24629,Seinen
670,
2713,
21325,
6112,
1727,
47162,
49109,
41930,
18495,
580,
3619,
39609,
1638,
22663,
1533,Shoujo
812,
292,Shounen
3579,Shounen
37517,Shounen
1230,
9882,
1082,
2612,Kids
1127,
36817,
7160,Shounen
37393,
6165,
3425,Kids
2740,Shounen
10572,
1724,
23209,
8194,
2576,
288,Kids
2259,Shoujo
261,
8277,
33948,
3081,Shoujo
285,
32664,Kids
33041,
38390,
43814,
34280,
5217,
1721,Seinen
30651,
509,
3761,
51693,Seinen
7479,Shounen
3878,
1018,
49470,
11829,
36531,Kids
5891,
554,
149,Josei
25939,
630,
3836,
4051,Kids
39936,
18095,
25859,
3024,Shoujo
2993,Shounen
4332,
33433,
2546,
51940,Shounen
11241,Seinen
54644,Kids
1219,
2166,
10348,
649,Shounen
1956,Seinen
421,
53026,
2578,Kids
278,
54275,
3501,
50470,Josei
37458,
193,
33487,Shounen
13201,
1243,
4933,
38089,Josei
9883,Shounen
30806,
32032,
4514,
34881,Shounen
2041,Shoujo
40677,
37525,
3271,
49515,
7619,
37611,
36587,
37990,Seinen
17919,
7088,
694,
2709,Kids
21729,
266,
3020,Shounen
13161,
48488,
2224,Shoujo
49385,
20473,Shounen
49533,Seinen
688,
21845,
2243,
52990,
33018,
2707,Kids
1806,
37964,Shoujo
38924,
39583,
44387,
48363,
8139,
1660,
4262,
38778,Shounen
5343,Seinen
26351,Seinen
1882,
50060,
37476,
49820,
62,
11703,Shounen
5618,Shounen
18001,Seinen
33392,
3807,Shoujo
53012,
15377,
4196,Seinen
7580,Seinen
6672,
19841,
33668,
21881,
5734,
50760,
48567,
146,
30652,Shounen
860,
37487,Shounen
52611,
51403,
5997,Shounen
15875,
23233,
1669,Shounen
4286,
2255,
38940,
6055,Seinen
3355,
19067,
5688,
4470,
12461,Josei
38276,Shounen
41623,
36882,
4999,Shounen
1893,Shoujo
36483,
48862,
11307,
2717,
41911,
646,Shounen
33733,
635,
2620,
13679,Kids
36654,
51817,
21639,Shounen
3325,
2403,
22013,
273,Shounen
31404,
2826,Kids
23393,Kids
4810,
86,
51569,
18391,
3438,
3900,
1597,
2501,
12863,
6201,
38006,
6902,
22877,
50099,Shounen
3809,
4657,
2964,
1853,Shoujo
296,Shounen
297,Shounen
318,
10079,
19919,
18121,Shounen
1218,
34474,
447,
53097,Shoujo
5505,
4054,
28817,
942,
25099,
53213,
34839,
1123,Shounen
32802,
30039,
42514,Kids
3114,
9119,Kids
32483,
16355,Seinen
8624,
16419,
1599,Shounen
3023,
8536,
6472,
39417,
618,
2965,Shounen
4101,Kids
347,
34866,Shounen
33197,
1445,Shounen
10213,
31537,
33788,
19855,
50864,
37328,
17115,Kids
38009,
42808,
2074,
40595,
37968,Kids
37587,
45572,
4052,
4468,
34580,Seinen
2970,
33850,Josei
6609,
5940,
14515,
54854,
40957,Shounen
495,Shounen
27737,
31196,
31456,Josei
8123,
31147,
37982,Shounen
2494,
48413,
54858,
1541,
928,
52608,
3008,
26395,Shounen
38669,
37324,Kids
926,
31430,Seinen
1703,
1377,
222,
2231,Shounen
7590,
10197,
9922,
2783,
48859,
31716,
2510,
7082,Shoujo
17082,Shounen
38302,Josei
563,Shounen
2836,Kids
2814,Kids
12471,
43229,
35983,
28391,
886,Seinen
34077,
48777,
271,
782,
34834,
53426,Shoujo
18097,Shounen
1532,
2766,
30567,Shounen
4773,
10554,
2128,
51706,
13769,Shounen
36902,
11615,
21177,
16393,
11491,Seinen
533,
1103,
7845,
667,
27721,Kids
626,Shounen
21835,
37345,Shounen
4515,Kids
9624,
40228,Kids
375,Seinen
40167,Shounen
9330,
4362,
771,
31629,
248,Shounen
9041,
1572,Kids
1572,Shounen
2704,
14333,
30437,Seinen
924,
3668,
41392,
37433,
53632,
36407,
9934,Seinen
34148,
24075,
32262,
13029,
1149,
2703,Shounen
35883,
1194,
234,Shounen
385,Shounen
53200,
31636,Shounen
5973,Seinen
487,Shounen
3433,
2687,
260,
39030,Shounen
33840,
34177,
41589,Shoujo
6129,
1509,Shoujo
1161,Shounen
4121,Shounen
18845,
18099,Seinen
9916,Shounen
45783,Josei
1881,
49849,
4023,Kids
13159,
3660,
776,Shounen
1163,
50582,
45560,Shounen
11595,Kids
1247,
919,
2161,
2688,
19429,
5104,
1629,
34966,
39456,Seinen
32228,Shounen
33811,Shounen
472,
473,
4083,
2032,
1005,Shounen
175,Shounen
38004,Shounen
19157,Kids
4504,
7681,
41265,
3875,Shoujo
54616,
5938,
52274,Shounen
25867,
10156,
2771,Shoujo
33419,Shoujo
33046,
2786,Shounen
2795,
236,Shounen
5088,
12481,
1466,
863,Seinen
2467,
53787,Shounen
2288,
2316,
3193,Shounen
6166,
19877,
1136,
10578,
8853,
289,
5945,
4486,Shounen
1581,
3022,
6069,
32011,Josei
403,Shounen
15913,Kids
590,
2565,Shounen
1618,
34620,
40136,Seinen
41491,Shounen
6303,
32603,Shounen
28619,
1771,Shounen
51837,Shounen
54716,
783,Shounen
23133,
2603,
9810,Kids
31848,
28819,Shounen
3201,Kids
4723,
370,
56566,Kids
4503,
33314,Kids
50481,
3838,Shoujo
39725,
8786,
10513,
20267,
2619,
5763,
37920,Seinen
34964,Seinen
1300,Shounen
2503,Shounen
14921,
10308,
1816,Kids
298,Shounen
1960,Kids
810,Seinen
34055,Seinen
52079,
28833,
5908,
52985,
63,Shounen
7307,
52619,
3835,
14913,
39590,
12549,
4511,
34836,
637,Seinen
40356,
15125,Shounen
684,
1198,
34522,
913,
3464,Shounen
148,
50678,
7148,
38297,
37599,
8799,
31452,Josei
163,
10810,
11841,
35298,
4782,Kids
2571,Kids
48235,Kids
37778,
5337,
37283,Kids
34257,
11177,Kids
51293,
32785,
4244,
4928,
31440,Shounen
35076,
21353,Shounen
49766,Seinen
31427,
17821,
916,Seinen
37988,
1737,
4132,
446,
29017,
42568,
2106,
43969,Shounen
799,
1067,
3054,
671,
11533,
1975,
8235,
31621,
50955,
682,
612,
6633,
38707,
4962,Kids
30749,
13551,Seinen
1836,
31049,Kids
3909,
4197,
10490,
36022,
2089,
50999,
17831,
406,
34800,
47612,
37422,
1676,
1189,Shounen
33222,Josei
119,
973,
1706,Seinen
1325,
6583,
22123,
50284,
35370,
2284,
497,
38920,
412,Shounen
36266,
31560,
40708,
50638,
840,Shounen
3366,
39506,
36259,Kids
1693,
7793,Shounen
28283,
13367,
49556,
41812,Shounen
37232,
38397,Seinen
43767,
4742,
197,
4574,
38192,
2245,
2934,
41380,Shounen
55,
27815,
50862,
37651,
6971,
33743,Shounen
35757,
4242,
10338,Shounen
33797,
1409,
9750,
52969,
471,
744,
22537,
2105,
10815,
28155,
32214,
4536,
10671,
16486,
10109,
9905,Shounen
40934,
41283,
2252,
14827,
3825,Shounen
4199,
31630,
10187,Seinen
1019,Shoujo
34051,
9736,Seinen
3389,Shounen
50250,Seinen
35334,
35988,
30127,
3101,
23787,
2686,Shounen
8553,
33341,
4720,
3295,
39326,
5153,
34934,
1070,
3182,Josei
10346,
32772,Kids
17731,
10808,
2568,
4597,Shounen
33430,
30384,
23325,
27741,
5628,
30795,Seinen
40550,
706,
9493,Shounen
17705,Seinen
225,Shounen
3839,Shoujo
36124,
41783,
1694,
20533,
5725,Kids
44276,
1035,Shoujo
32360,
22215,
54760,
2031,
42653,
2702,Kids
40960,
15547,Kids
9479,Seinen
850,
17651,
9391,
17667,
1988,
3435,
4808,
3131,Shounen
51305,
18247,
23121,
6375,
50559,
7103,
3823,Kids
39701,Shounen
32039,
38923,Kids
33244,
39699,
417,
41372,
40786,
8373,
2732,
50606,Shounen
37036,
14989,
34382,
38767,
32407,
34497,
40358,Seinen
3776,
7109,
51632,
27629,
8189,
3915,
54431,
5022,
14283,
42506,
5454,
3315,
1175,
1062,
41364,
37522,Seinen
591,Seinen
16518,Shounen
3874,
2156,
2495,
1221,
41074,Kids
125,
25397,
4800,
13185,
53428,
348,
31573,
7176,Kids
34525,Seinen
13139,
21167,
18771,Seinen
336,
2281,
6374,
685,
6468,
37799,Seinen
2718,Shounen
2738,Kids
34501,
19585,Kids
7575,Shoujo
14199,
24705,
4013,Kids
36023,
38262,Kids
14093,Kids
1807,
10611,
54259,Shounen
39194,Shounen
36418,
37106,
4209,
9884,Shounen
9107,Kids
37598,
5201,
3819,Shoujo
21033,
12611,
3800,
37561,
31157,
1661,
295,
2572,Kids
19367,
11268,
2280,
4211,Shounen
33027,
817,
36108,
2282,
3444,
943,
39277,Kids
10015,Shounen
20971,Josei
23897,
40045,Kids
6428,
836,
1673,
10319,
11385,
40526,Shounen
37646,
3834,
9950,
32682,
32601,Shoujo
9613,Shounen
105,Shounen
21677,
2564,
5276,Kids
5276,Shoujo
1193,
1839,Kids
28861,Shounen
6900,Kids
38610,Seinen
34368,
39199,Shounen
16906,
40893,
1810,Shounen
614,
6674,
23,Shounen
2075,Josei
1456,
4113,
2367,
48842,
23309,
19825,
7245,
4744,
48776,
6970,
6511,
1537,Shounen
257,Seinen
10324,Seinen
925,
51252,
46471,
4154,
5143,
37008,
31150,Kids
42959,Shounen
1746,
14693,Seinen
3503,
28207,
4439,Shounen
3845,Kids
3869,
39918,
46381,Kids
4339,
4667,Kids
2142,
2127,
3519,
241,Shounen
35183,Seinen
38254,
43760,
35427,
32353,
833,
1704,Shounen
34427,
30524,
23067,Kids
36511,Seinen
36267,
19685,
6205,
37254,
1617,Josei
20033,
4459,Kids
3877,
3609,
3576,Kids
6130,
4614,
5082,Shounen
5070,
36993,
39523,
37188,
37739,
2885,Shounen
7551,
9900,Kids
30721,
1570,
36784,
51711,
52830,
2366,
39960,Shounen
50204,
9952,
10138,Kids
48742,
2613,
34799,Shoujo
51381,
25717,Kids
42892,Shoujo
39811,
32901,
8764,
51219,Seinen
40850,
2285,Kids
6117,Shoujo
3099,
171,
1607,
718,Seinen
888,
31422,Shounen
34903,
48981,
37979,Seinen
32805,
49612,
53300,Shoujo
20931,
17211,Shoujo
3399,
11275,
40964,
7395,
3035,
39244,
30895,
1884,
1048,
6981,Shounen
40594,
38549,
31994,
6919,
26443,Shounen
38835,
184,
35714,
42072,
25283,
48466,
48633,
9936,Shounen
7106,
6311,Kids
835,
32301,
3637,
7643,Kids
30485,
3146,Shounen
17147,
8763,
48644,
910,
33531,
1666,Shounen
3166,
7334,
17687,
32379,Seinen
50583,
69,
6771,Kids
909,
31338,
33012,
47163,
19151,
17681,
31804,Seinen
576,Shounen
31223,
980,Kids
47391,
31914,
30455,
3676,
470,Seinen
8999,
7079,
41899,
2567,Kids
2153,
36037,
21487,Shounen
5311,
2789,Kids
14237,
4975,
3202,Kids
37245,
3164,
34565,Shounen
36894,
33739,Kids
6868,
12139,
12123,Seinen
4427,Shounen
5833,
50438,Shounen
48365,Kids
17873,Kids
48415,
38670,
38328,
301,Seinen
6119,Kids
1314,
29722,
33047,
1865,
38268,
49871,
6087,
8285,
8436,
159,Shounen
17092,
34403,Shounen
37438,
7522,
8065,
34550,Seinen
2162,
5235,
3571,
7605,Kids
44274,
15119,
6979,
33836,
31044,Kids
35434,
555,Shounen
5600,Kids
4049,Kids
33737,
9395,Kids
3810,
12929,Shounen
8184,
38749,
2769,
8956,Kids
38830,
10623,
7405,
34502,
6397,
38203,
37395,
40714,Kids
3075,
16347,
31566,
3881,
31631,
610,
8287,
10774,
12967,
1600,
5292,Shounen
27693,Seinen
19947,Shounen
10965,
6452,
2823,
32023,
7956,
3873,Shoujo
9770,Kids
34337,
5129,
3822,
33377,
2699,
37940,Shounen
51764,
19257,
3846,
1083,Seinen
2233,Kids
42627,Shounen
11859,
9806,
31540,
2574,
31091,
18155,Kids
10562,
32572,Kids
3768,Shounen
19875,Kids
7779,Kids
44081,
4383,
2575,Kids
8538,Shoujo
5477,
9598,
2552,Seinen
6731,Kids
3812,Kids
36423,
4599,Kids
8449,
3975,
1591,
7981,Kids
11873,Kids
4024,Kids
47161,
6520,Kids
6629,Shoujo
35712,
3132,
55894,
2827,
10527,Kids
12483,
28883,Seinen
32309,
5278,
2609,
32274,
3723,
3391,
37369,Kids
5223,Kids
31673,
13177,
3932,
30291,
2226,Kids
3736,
46985,
1583,Seinen
3844,
36516,
6920,
9881,
29976,
1574,
9345,
32936,
1713,Shounen
1986,
4044,
1458,
41573,
35302,Kids
3194,Kids
16530,
17777,Shounen
23433,Josei
14277,Seinen
6645,Seinen
8815,
2809,Kids
1868,
2545,
1057,
39282,Kids
5883,
37657,
5250,
5131,
38909,
445,
31221,
15313,
37893,
49431,
5132,
10465,Seinen
16397,
337,
1883,
3870,Shounen
40075,
16131,
952,
9015,Kids
7004,
38529,Seinen
1157,
24873,
9520,
50599,
4584,Kids
20053,
11919,
31674,
3876,
4314,Kids
1542,
22733,
1337,Shounen
15883,
5375,
5287,Kids
3969,
4443,Kids
360,
3937,
8961,Seinen
36425,
24835,
7505,Kids
2155,
349,
9978,
10607,
10136,Kids
10135,
1508,
2882,Kids
18819,Kids
693,
2723,
24663,
49505,
8158,
37998,
11769,Seinen
133,
8899,Kids
42307,
8753,Kids
3361,
346,
4615,Kids
4591,
40145,Shounen
6277,
15565,Shounen
53162,
545,
17601,Kids
35251,Josei
40679,
8216,Seinen
24699,
30156,
17703,Seinen
43741,Shounen
35203,
42657,
35248,
11017,
16211,
3840,
49691,
49551,
6899,Kids
648,
2566,Kids
21809,Seinen
1561,
23901,
31845,
3769,Shounen
1711,
4719,
12367,
39582,
6625,
2406,
309,
5112,
38091,
2892,
38535,Kids
2523,
577,
2679,
17969,
511,
38673,
231,Seinen
5189,Kids
10528,Kids
35303,Kids
37806,Shounen
3434,Kids
32878,Shounen
22441,Kids
141,
854,
4801,Kids
19843,Kids
10250,
927,
6261,Kids
24417,Shounen
1547,
36316,
9885,
32571,Seinen
3514,
36431,
12677,
2234,Kids
42774,Shounen
10869,Kids
8812,
53179,
18767,
1333,Kids
3151,
47250,
10217,
40197,
49969,
8240,Kids
204,
31410,
9587,
9768,Kids
9799,Seinen
51098,
40090,
4563,Kids
5935,
20555,
31211,Kids
34543,
49894,
5476,Shoujo
39221,
8182,
6636,
3808,Shounen
18447,
39567,
8409,
33795,
22381,Kids
38150,
43007,
49179,
307,Kids
5886,
32083,
1936,Shounen
20075,
8777,
5829,
6682,
23151,
43350,
14211,
4737,
5027,Kids
34741,
39581,
10282,
1899,
1188,
9424,
44961,Shounen
1224,
16303,
22831,Seinen
10177,Seinen
23333,
23107,Kids
28791,
17671,
5478,Kids
22547,
34566,Shounen
17893,
34295,
11213,
6875,
50789,
6012,
3180,Kids
16159,
41834,
54738,
36728,
13231,Kids
1769,
17088,Kids
41558,
310,
38544,
32691,Kids
17291,
15865,Kids
39183,Kids
32663,Kids
6822,
6425,
51092,
4616,Kids
3704,Kids
37388,Seinen
12039,
6918,
33630,
39836,
2287,Shounen
25999,Seinen
9106,
37436,
23037,
28071,
294,
37555,
4853,
7463,
37300,Kids
38083,
4316,Kids
31890,
54638,
38379,Kids
37481,
3936,Kids
1872,Kids
51371,
1156,
8336,Kids
8964,Kids
2700,
41426,
36427,
9522,
35541,Kids
3290,Kids
30751,
9947,
42071,
1628,Shounen
838,Seinen
38857,Kids
328,
15085,Josei
32171,
36828,
5052,
40983,
19961,
9284,
42295,Kids
13431,
7723,Kids
25429,Seinen
35542,Kids
10224,
624,Seinen
988,
37662,
19769,
321,
8890,
21539,Kids
1037,
43763,Seinen
38226,Seinen
38157,
7048,
35643,Kids
1991,
36196,
21067,Josei
33532,
36429,
27811,
37787,
6482,Kids
1097,
3880,
6727,
32961,
11547,Josei
2824,
33462,
42516,
10194,
34410,
23551,
37154,
4444,Kids
41401,
34292,
31534,
14213,
8900,Kids
1955,
51128,
1167,Seinen
15605,
45618,
36525,
36618,Kids
20243,
22439,Kids
33434,Kids
22099,Kids
5475,
34129,
55775,
21427,Seinen
749,Kids
8891,
7960,
9438,
8829,
38572,
841,Seinen
49831,
50495,
31018,Seinen
24855,
12361,
546,
9822,
31793,
1885,
1226,
10802,
22735,
31777,Seinen
2781,
1098,
34979,Seinen
38416,
1349,
11541,
30410,Kids
9781,
3885,Kids
10349,Kids
33966,
3451,
39799,Shounen
8960,
5636,
8239,
36666,Kids
4025,Kids
10526,Kids
45665,
12243,Kids
18241,
23259,
44848,Kids
22835,Shounen
3724,
35254,
49110,
40166,
23213,Josei
42825,
33447,
12763,
18635,Shoujo
46604,
27621,
15043,
16027,
28537,
23915,Kids
1743,
21507,Shounen
1139,Kids
6889,
41062,
4331,Kids
40738,
13143,Shounen
34669,
19959,Kids
31246,
11521,Kids
56,
12145,Kids
8375,
16317,Seinen
30746,
3294,
3683,
12887,
23351,Seinen
18205,
34852,Kids
7980,
13307,Shounen
31539,
275,
39893,
8241,
40783,
31790,
8011,
4823,
9175,Kids
9175,Shoujo
38016,
39668,
46118,
2024,
35313,
37576,
31143,
6523,Kids
30386,Kids
38611,Kids
33803,
37096,Kids
2822,
11405,
53633,
1685,Kids
1623,
40367,Kids
858,
17727,
40961,
31965,
38525,Kids
31318,
36797,
6989,
44208,
17521,Kids
34738,
38440,
1947,
40085,
1912,
40608,
50285,
50871,
47639,
48470,
7867,Kids
5344,
51923,
33026,
34467,
49342,Seinen
30519,
21523,Shounen
16169,
8765,
38534,Kids
38295,
33184,
8183,
49184,
34332,
35543,Kids
37268,
14045,
2244,
40129,
40403,
32448,Kids
3630,
36245,
39063,
17267,
8213,
37992,Josei
12767,
36458,
39966,
4264,
55166,
10987,Kids
510,
26085,
33889,
39457,Seinen
15787,
38526,Kids
19871,
41574,
38331,Josei
38378,Kids
21013,Kids
51415,
668,
10459,
11763,
4553,
32454,Shounen
35250,
33775,
5234,
40196,
16405,
32670,
40623,Shounen
50267,
1442,
2727,
29758,Seinen
35332,
50607,
3259,
12359,Kids
21421,
6571,
35642,Kids
36530,Kids
786,
40506,
21997,Kids
5821,Kids
10525,Kids
6075,
25965,Kids
15749,
4908,
34511,Kids
30382,
49780,
32947,
36166,
38070,Kids
2308,
15915,Kids
41383,Kids
27451,Kids
34289,
13141,
4709,Kids
37368,Seinen
37584,
24793,
28921,Kids
37484,Kids
10540,
32818,Kids
32807,Kids
27519,
35835,
48492,
9433,
6077,
25967,Kids
38860,
31699,
7175,
37446,
1664,Shounen
17733,
10524,Kids
21821,
34028,
8130,
10908,
3264,
34975,Kids
21999,Kids
50220,
48441,
5474,Kids
7625,Kids
36655,Seinen
33473,
38251,
42883,
36000,
41405,
17127,
36945,
34052,Kids
23409,Kids
36309,
354,
8041,
37151,Kids
7247,Kids
31498,
6798,Kids
31549,
611,
32221,Kids
23149,Kids
50891,Seinen
36009,
45207,
17090,Kids
21267,
30091,
34088,
41529,Kids
41381,
10241,
22221,
52814,
28247,
27459,Kids
3176,
3104,
13207,
30777,
36943,
32819,Kids
54040,
32820,Kids
38071,Kids
3879,
3458,Kids
27455,Kids
27453,Kids
9561,
832,
7561,
49292,
42571,
32608,
38074,Kids
22849,
32595,
7808,
41521,
22225,
33746,
10533,
34905,Kids
33044,
20117,
35739,
34392,
23349,Kids
51636,
19305,
29715,
38573,
33846,
27757,
40137,
29974,Josei
31710,
37509,
33274,
38162,Seinen
2476,
35964,Seinen
15795,Kids
15795,Shounen
10958,Shoujo
34510,Kids
1775,
27467,Kids
6907,
15579,
38199,
8897,Kids
17086,Kids
39622,
30173,
32455,
41807,
34013,
53587,
32438,
36135,
31517,
9627,
30851,
24011,
22541,
23511,Kids
964,
23313,Kids
50418,
49304,
37952,
22345,
16696,
33985,
19121,Seinen
34613,
31109,Shoujo
37744,
20329,Seinen
38072,Kids
32697,Josei
1712,Shounen
44040,
8220,Kids
32237,
39039,Kids
40488,
1200,
2364,
31698,Kids
6947,
12393,
10838,Shounen
22955,
43771,
18365,
17849,
32084,
27457,Kids
36976,Shounen
23079,
10347,Shoujo
18133,
2382,
42717,Kids
23229,
51495,
35997,
28401,
27589,Kids
31898,Kids
37769,
31519,
32582,Kids
2521,
35252,
53231,
3573,
32447,
34156,
33771,
35114,
33572,
12951,
38284,
32271,
36029,Shounen
31439,
40165,
38843,
30826,
27927,
6448,
37601,
28595,
4929,
2391,
31904,Shounen
39979,
51306,
29687,Kids
17707,
3772,
36001,
40758,
36510,
34383,
32606,
5304,Kids
3205,
49514,
38814,
48858,
4905,
51139,
19207,
23375,
27785,
30251,
38851,
39617,Shounen
1656,Kids
5018,
1708,Shounen
7448,
34888,Shounen
32981,
33113,
14563,
4104,
5241,Kids
36847,
37258,
31747,Kids
54798,
50379,Shounen
45587,
19755,Kids
30948,
40040,Kids
1745,Shounen
35694,
53424,
2719,Kids
17513,Josei
31071,
17141,
42145,
32830,
30947,
15045,
6131,
21433,
6525,
40958,
27687,Kids
37374,
1740,Seinen
36409,
34449,
30782,
38449,
42321,
40995,
51265,
39620,
33814,
1667,Shounen
42981,
36027,
10847,
7452,
10360,Shounen
15545,Kids
40320,
52381,
32999,
2232,
29865,
45596,
1705,Shounen
34725,
37571,
35516,
35999,
6658,
36632,
600,
37747,
51773,
112,
33690,
35818,
51304,
17353,
29941,
31139,
33245,
35923,
35156,Shounen
39527,Josei
34393,
34411,
2362,
28981,
35069,
33541,
48680,Shounen
35335,
33975,
31633,
34402,
6383,
37823,
34771,
31578,
35383,
3112,
30705,
34503,
40473,
32906,
33021,
36288,
32400,
33394,
35730,
39917,
40074,
42260,
34223,
1812,
28929,
19315,
37448,
38853,Seinen
33188,
11497,Kids
54659,Kids
45948,Kids
45416,
17619,
56573,Kids
56574,Kids
30120,Kids
36657,Kids
29429,Kids
48333,Kids
55285,Kids
10989,Kids
6481,Kids
44178,
24969,Kids
48043,Kids
48259,Kids
48257,Kids
48258,Kids
16454,
34490,
56572,Kids
2701,Kids
38568,
55948,Kids
52964,Kids
36265,Kids
40455,Kids
52968,Kids
38560,Kids
48263,Kids
22065,Kids
9562,
40423,
42090,
48347,
32590,
47083,Kids
47753,Kids
47696,Kids
46741,Kids
47977,Kids
35138,Kids
46709,Kids
47774,Kids
45876,Kids
48260,
47697,Kids
46963,Kids
43948,Kids
29485,Kids
54873,
49555,Kids
30232,Kids
45232,Kids
45233,Kids
45235,
45234,Kids
45953,Kids
45930,Kids
47182,Kids
47183,Kids
51695,Kids
17487,
46706,Kids
45712,Kids
46504,Kids
48344,Kids
44700,Kids
47545,Kids
45276,Kids
45285,Kids
19989,Shounen
38569,
38570,
29425,Kids
56275,Kids
43673,Kids
47845,Kids
46755,Kids
47846,
46756,Kids
32585,
50522,
2930,
19445,
7629,
31892,
31893,
32596,Kids
9956,
46156,Kids
45686,Kids
46283,Kids
46343,Kids
46591,Kids
46592,Kids
46590,Kids
46594,Kids
33753,Kids
44460,Kids
44461,Kids
45376,Kids
45378,Kids
45379,Kids
45861,Kids
43889,Kids
55219,Kids
44350,Kids
47869,Kids
46159,Kids
47960,Kids
45971,Kids
47480,Kids
45371,Kids
45381,Kids
45374,
45380,Kids
47767,Kids
29369,Kids
47454,Kids
45784,Kids
45787,Kids
45788,Kids
45786,Kids
44301,Kids
45785,Kids
46620,Kids
46189,Kids
38075,Kids
47088,Kids
51754,Kids
51755,Kids
19991,Kids
38571,
20125,
48220,Kids
47074,Kids
52219,Kids
29473,Kids
44056,
13457,Kids
29209,Kids
10242,
20233,
6730,Kids
47578,Kids
45707,Kids
45976,Kids
44365,Kids
46213,Kids
46347,Kids
46751,Kids
46749,Kids
46752,Kids
46750,Kids
48346,Kids
46643,Kids
18137,Kids
20087,
5473,
44371,Kids
46406,Kids
46548,Kids
46738,Kids
43872,Kids
44765,Kids
45830,Kids
46747,Kids
47678,Kids
47679,Kids
47680,Kids
47681,Kids
46403,
46560,Kids
45494,Kids
46562,Kids
46583,Kids
46584,Kids
46561,Kids
46564,Kids
47554,Kids
46563,Kids
45205,
47943,Kids
37749,Kids
37750,Kids
19311,Kids
47226,
47227,Kids
47091,Kids
47092,Kids
45211,Kids
45212,Kids
45213,
48022,Kids
46757,Kids
37002,Kids
42870,
12897,
19985,Kids
48299,Kids
48300,Kids
34078,Kids
37698,Kids
8345,
48301,Kids
12835,
56462,
34990,Kids
32580,
33085,
44473,Kids
44474,Kids
4598,Kids
37467,
42068,
30131,Kids
30605,
33431,Kids
46176,Kids
33084,Kids
33083,Kids
48294,Kids
47947,Kids
47948,Kids
47949,Kids
46273,Kids
47951,Kids
45969,
46391,Kids
17106,
43955,Kids
46040,Kids
45432,Kids
46277,Kids
2708,Kids
46940,Kids
45271,Kids
45998,Kids
29747,Kids
22219,
39978,
29099,Kids
22503,Kids
35295,Kids
30875,Kids
33099,Kids
39528,Kids
37630,Kids
41522,Kids
48539,Kids
47190,Kids
45956,Kids
45957,Kids
19839,
47086,Kids
31696,
47735,Kids
45097,Kids
47485,Kids
47765,Kids
45866,Kids
47515,Kids
45857,Kids
47847,Kids
9948,
46250,Kids
47237,Kids
46183,Kids
48303,Kids
49071,Kids
12809,
7419,Kids
45921,Kids
31701,Kids
44467,Kids
44468,Kids
45297,Kids
47030,Kids
46641,Kids
44288,Kids
47835,Kids
47836,Kids
46380,Kids
46225,Kids
47442,Kids
47443,Kids
46409,Kids
48012,Kids
45467,Kids
45981,Kids
45329,Kids
44368,Kids
46385,Kids
43984,Kids
43997,Kids
43985,Kids
43986,Kids
49079,Kids
43988,Kids
43987,Kids
44000,Kids
49078,Kids
43989,Kids
43992,Kids
44004,Kids
43998,Kids
44001,Kids
43996,Kids
43994,Kids
43999,Kids
43983,Kids
43990,Kids
43995,Kids
43982,Kids
43991,Kids
44002,Kids
43993,Kids
46041,Kids
47112,Kids
47982,
46397,Kids
46395,Kids
46398,Kids
46396,Kids
46399,Kids
45729,Kids
46958,Kids
47937,Kids
47155,Kids
43961,Kids
46146,Kids
43857,Kids
46388,Kids
46448,Kids
46530,Kids
45985,Kids
45750,Kids
46389,Kids
46744,Kids
47103,Kids
46164,
47930,Kids
47557,Kids
37225,Kids
40091,Kids
40092,Kids
46328,Kids
43953,Kids
44479,Kids
44486,Kids
45418,Kids
46969,Kids
45954,Kids
43680,Kids
44181,Kids
45706,Kids
47563,Kids
47832,Kids
45717,Kids
47831,Kids
47590,Kids
48048,Kids
49967,Kids
45175,Kids
45726,Kids
44174,Kids
44503,Kids
44504,Kids
47060,Kids
45180,Kids
45407,Kids
45413,Kids
45410,Kids
45408,Kids
45411,
45412,Kids
43951,Kids
44697,Kids
48069,Kids
45938,Kids
44018,Kids
45941,Kids
31700,Kids
47184,Kids
47185,Kids
47188,Kids
47186,Kids
47187,Kids
47751,Kids
44767,Kids
44768,Kids
46705,Kids
47668,Kids
44754,Kids
47115,Kids
47513,Kids
47932,Kids
47514,Kids
45713,Kids
45776,Kids
45768,Kids
46797,Kids
47348,Kids
45279,Kids
45272,Kids
45284,Kids
48091,Kids
48025,Kids
49966,Kids
47516,Kids
48053,Kids
44717,Kids
44718,Kids
44719,Kids
44721,Kids
44720,Kids
47555,Kids
44926,Kids
47709,Kids
44927,Kids
44928,Kids
43942,Kids
46753,Kids
43896,Kids
45522,Kids
49069,Kids
47342,Kids
45869,Kids
47987,Kids
46599,Kids
44166,Kids
45920,Kids
48065,Kids
46059,Kids
45912,Kids
45914,Kids
45899,Kids
46937,Kids
47732,Kids
47674,Kids
47675,Kids
45812,Kids
45990,
46151,Kids
46761,Kids
48016,Kids
45293,Kids
45225,Kids
47082,Kids
45189,Kids
45224,Kids
46469,Kids
45461,Kids
45891,
47760,
45181,Kids
46259,Kids
47428,Kids
43922,Kids
43923,Kids
43924,Kids
43925,Kids
43926,Kids
43927,Kids
46020,Kids
43611,Kids
45462,Kids
45463,Kids
47803,Kids
47804,Kids
47805,Kids
47802,Kids
43960,Kids
45492,Kids
45291,Kids
46748,Kids
45302,Kids
45290,Kids
45299,Kids
30140,Kids
45305,Kids
45306,Kids
45258,Kids
45255,Kids
45267,Kids
45259,Kids
45274,Kids
45268,Kids
45254,Kids
45281,Kids
45282,
45309,Kids
45311,Kids
46284,Kids
45286,Kids
45287,Kids
45257,Kids
45265,Kids
45270,Kids
45264,Kids
46304,Kids
47228,
45851,Kids
45852,Kids
45853,Kids
46737,Kids
46619,Kids
45203,Kids
33670,
47133,Kids
47132,Kids
48100,Kids
44967,Kids
44965,Kids
44966,Kids
46043,Kids
46539,Kids
46298,
45472,Kids
47106,Kids
46770,Kids
46771,Kids
46772,Kids
43679,Kids
46769,Kids
47456,Kids
47457,Kids
44382,
44921,Kids
44922,Kids
44923,Kids
44917,Kids
44920,Kids
44918,Kids
44916,Kids
44919,Kids
48090,Kids
32821,Kids
34677,Kids
44138,Kids
34676,Kids
37102,Kids
44136,Kids
37101,Kids
44140,Kids
44135,Kids
44137,Kids
47891,Kids
45691,Kids
45692,Kids
45695,Kids
45693,Kids
45694,Kids
47808,Kids
37219,Kids
55257,Kids
47853,
46182,Kids
43944,Kids
48024,Kids
49965,
47360,Kids
48092,Kids
53674,Kids
46246,Kids
46536,Kids
45966,Kids
44763,Kids
45481,Kids
43832,Kids
44760,Kids
47801,Kids
47486,Kids
46479,Kids
46237,Kids
43956,Kids
47492,Kids
46535,Kids
48074,Kids
46372,Kids
31177,
12793,
30116,Kids
45831,Kids
45832,Kids
45833,Kids
47193,
45855,Kids
10705,Kids
10706,Kids
33933,
5468,Kids
25589,Kids
28201,
46350,Kids
48292,Kids
43305,Kids
45871,Kids
38069,Kids
46116,Kids
48087,Kids
46247,Kids
45905,Kids
46255,Kids
46758,Kids
46249,
46721,Kids
45182,Kids
48118,Kids
45236,
47988,Kids
46903,Kids
46236,Kids
46167,Kids
43962,Kids
46310,Kids
47683,Kids
53655,
48298,Kids
46519,Kids
46293,Kids
54178,
50141,
12781,
47114,Kids
45903,Kids
12771,
54781,
30119,Kids
46759,Kids
44492,Kids
45858,Kids
45685,Kids
47991,Kids
44466,Kids
46468,Kids
45894,
43322,
47927,Kids
43964,Kids
46807,Kids
36167,Kids
47711,Kids
45727,Kids
34794,Kids
48304,Kids
35385,Kids
3500,
45468,
46393,
5841,
46494,Kids
46495,Kids
46496,Kids
45367,Kids
45368,Kids
45984,Kids
44825,Kids
35957,
46375,Kids
18983,Kids
12765,
46046,Kids
47640,Kids
47642,Kids
47643,Kids
48035,Kids
52052,
44026,
52053,
39450,Kids
38093,Kids
50995,Kids
22709,Kids
42468,Kids
44493,Kids
42979,Kids
46344,Kids
45716,Kids
47330,Kids
47303,Kids
46858,Kids
45932,Kids
45452,Kids
45289,Kids
44450,Kids
47157,Kids
9903,Kids
48113,Kids
45456,Kids
45811,Kids
46387,Kids
46209,Kids
45769,Kids
44722,Kids
47340,Kids
44476,Kids
46784,Kids
46876,Kids
45924,
43950,Kids
43856,Kids
47214,Kids
44373,Kids
47300,Kids
46316,Kids
43952,Kids
46367,
45156,Kids
45688,Kids
47058,Kids
46834,Kids
47018,
43891,Kids
45171,Kids
46191,
44880,Kids
45854,Kids
46736,
47986,Kids
48058,Kids
48064,Kids
46638,Kids
45101,Kids
45098,Kids
45099,Kids
45100,Kids
38125,Kids
46052,Kids
38126,Kids
38124,Kids
38131,Kids
38117,Kids
38128,Kids
38122,Kids
38138,Kids
41635,Kids
38129,Kids
38118,Kids
39798,Kids
38119,Kids
44353,Kids
38123,Kids
38127,Kids
38120,Kids
38136,Kids
46154,Kids
47650,Kids
46862,
46269,
46458,Kids
48038,Kids
43677,Kids
41686,Kids
55837,Kids
48323,Kids
55838,Kids
13167,Kids
45116,
13455,
46436,Kids
43858,Kids
43852,Kids
37978,Kids
48010,Kids
43888,Kids
52162,
45868,Kids
46076,Kids
46077,Kids
46913,Kids
32568,Kids
47497,Kids
46633,Kids
46634,Kids
45689,Kids
48290,
48510,
46890,Kids
53380,Kids
53381,Kids
47459,Kids
47775,Kids
47498,Kids
38365,
47003,Kids
47887,Kids
44491,Kids
48495,Seinen
51132,Seinen
51997,Seinen
52076,Kids
34928,
35226,
29843,Kids
47989,Kids
48287,Kids
46243,Kids
55660,
47489,Kids
46210,Kids
47754,Kids
20237,
8353,
25063,
7525,
36978,Kids
48277,Kids
41440,
46365,Kids
46296,Kids
36003,Kids
54868,Kids
47329,Kids
48276,Kids
48288,Kids
34249,Kids
41115,
46370,Kids
48187,Kids
46257,Kids
21553,Kids
35605,
48218,Kids
52737,Kids
52738,Kids
45384,Kids
45386,Kids
45394,Kids
45400,Kids
45385,Kids
45399,Kids
45396,Kids
45393,Kids
45388,Kids
45389,Kids
45390,Kids
45395,Kids
45391,Kids
45392,Kids
45387,Kids
24775,Kids
45397,Kids
45398,Kids
42998,Kids
32956,Kids
22247,Kids
39031,
46640,Kids
46966,Kids
47362,Kids
45464,Kids
45465,
45925,Kids
47326,Kids
46728,Kids
35710,Kids
50681,Kids
55048,
48163,Kids
47381,Kids
47382,Kids
47383,Kids
47384,Kids
47385,Kids
44287,Kids
47900,Kids
47820,Kids
47821,Kids
47822,Kids
47823,Kids
47824,Kids
33123,
47825,Kids
47826,Kids
31239,
47827,Kids
43875,
47582,Kids
46449,Kids
46463,Kids
46450,Kids
46451,Kids
46452,Kids
47996,Kids
48007,Kids
47577,Kids
46162,Kids
47588,Kids
43868,Kids
18227,
37117,Kids
45466,Kids
46461,Kids
40249,
56129,
56132,
56674,
47339,Kids
47034,Kids
47035,Kids
47036,Kids
47037,Kids
46509,Kids
47123,Kids
48079,Kids
48212,Kids
47593,Kids
46898,Kids
55659,
48114,Kids
48014,Kids
48015,Kids
47448,Kids
45526,Kids
46141,Kids
45527,Kids
45529,Kids
45531,Kids
45528,Kids
45530,Kids
45977,Kids
11197,
44015,Kids
44016,Kids
46168,Kids
47139,Kids
46600,Kids
47654,Kids
47010,Kids
47525,Kids
48062,Kids
46873,Kids
30989,
36611,
47029,Kids
48350,Kids
48762,Kids
35697,Kids
46992,Kids
48068,Kids
47860,Kids
46400,Kids
46401,Kids
46402,Kids
47566,Kids
47567,Kids
27393,
45484,Kids
19547,
48228,Kids
53371,
53372,Kids
48229,Kids
45523,Kids
48030,Kids
54914,
45525,Kids
48210,Kids
47902,Kids
46363,Kids
46364,Kids
46061,Kids
45703,Kids
29373,Kids
48209,Kids
8520,Kids
8521,Kids
9812,
41638,Kids
53042,Kids
53043,Kids
53044,Kids
46437,Kids
46386,Kids
47587,Kids
45721,Kids
45722,Kids
45723,Kids
45724,Kids
18191,Kids
48223,Kids
30892,Kids
48227,Kids
54630,
39634,
43863,Kids
45979,Kids
46565,Kids
47324,Kids
13465,Kids
45928,Kids
45929,Kids
45927,Kids
29467,Kids
45926,Kids
48221,Kids
55078,Kids
48213,Kids
55091,Kids
9540,
46474,Kids
46766,Kids
47998,Kids
46765,Kids
46763,Kids
46764,Kids
46351,Kids
56058,Kids
48214,Kids
48226,Kids
48225,Kids
45190,Kids
34891,
48217,Kids
56484,Kids
47178,Kids
47969,Kids
46464,Kids
43864,Kids
46305,Kids
46275,Kids
47522,Kids
47491,Kids
46760,Kids
46636,Kids
46773,Kids
46501,Kids
48335,Kids
47267,Kids
47704,Kids
46232,Kids
46233,Kids
46230,Kids
46231,Kids
46128,Kids
46130,Kids
46131,Kids
46129,Kids
51155,Kids
34664,Kids
39012,Kids
36735,
35517,
37653,
23721,Kids
45198,Kids
48343,Kids
35914,
47015,Kids
37798,Kids
45326,Kids
44924,Kids
45206,Kids
47601,Kids
47603,Kids
47843,Kids
47604,Kids
47609,Kids
47606,Kids
47607,Kids
26087,Kids
47608,Kids
47469,Kids
48044,Kids
47110,Kids
45862,Kids
12185,Kids
11525,Kids
47505,
41417,
45458,Kids
44292,
44741,
44032,
44033,
48102,Kids
20183,
46430,Kids
52062,
9856,
33300,
48051,Kids
52063,
10137,Kids
46710,Kids
11245,
47541,Kids
52210,
47684,Kids
45934,Kids
46254,Kids
56267,Kids
47291,Kids
45945,Kids
48085,Kids
9868,Kids
46952,
46896,Kids
46897,Kids
30060,
8025,
8501,Kids
32417,
32418,
32419,
47623,
56504,
9383,Seinen
47241,Kids
48334,Kids
17457,
33262,Kids
46853,Kids
48327,Kids
45872,Kids
46368,Kids
45192,Kids
45226,Kids
21447,Kids
46285,Kids
46968,Kids
46286,
48328,Kids
44803,Kids
44806,Kids
47971,Kids
46547,Kids
48332,Kids
39820,Kids
48331,Kids
56263,Kids
56264,Kids
56265,Kids
56266,Kids
47284,Kids
46227,Kids
47335,Kids
46056,Kids
32944,Kids
37943,Kids
37945,Kids
56354,Kids
29745,Kids
29759,Kids
40589,Kids
48789,Kids
41470,Kids
45705,Kids
43945,Kids
47323,Kids
46441,Kids
46239,Kids
46264,Kids
46265,Kids
47219,
46511,Kids
32630,Kids
56478,Kids
56479,Kids
48340,Kids
45952,
35817,
43803,Kids
43881,Kids
43882,Kids
43883,Kids
43884,Kids
43885,Kids
43887,Kids
46626,Kids
46150,Kids
46165,Kids
46127,Kids
43831,Kids
45846,Kids
45847,Kids
43877,Kids
47934,Kids
47629,Kids
46460,Kids
9955,Kids
43681,Kids
47576,Kids
46063,Kids
45312,Kids
47955,Kids
38427,
39635,
48077,Kids
29469,Kids
18007,
44177,Kids
45805,Kids
10887,
46205,Kids
46754,Kids
47553,Kids
48005,Kids
45013,Kids
45015,Kids
45020,Kids
45016,Kids
45023,Kids
45021,Kids
45019,Kids
45014,Kids
45022,Kids
48081,Kids
43309,Kids
47856,Kids
47355,Kids
48160,Kids
47001,Kids
46301,Kids
46258,Kids
46919,Kids
46263,Kids
43920,Kids
46838,Kids
46537,Kids
48175,Kids
43965,Kids
30893,
51235,Kids
54070,Kids
54077,Kids
54078,Kids
54933,
43319,Kids
43320,Kids
46557,Kids
44019,Kids
44020,Kids
44021,Kids
44289,Kids
46323,Kids
46322,Kids
46320,Kids
47065,Kids
45848,Kids
47240,Kids
7750,
48904,
46384,Kids
56480,Kids
48161,Kids
56481,Kids
44457,Kids
44454,Kids
44455,Kids
44456,Kids
31746,Kids
41951,
44458,Kids
46058,Kids
15957,Kids
54051,
21485,Kids
8879,Kids
30034,Kids
45895,Kids
47464,Kids
47682,Kids
46315,Kids
44168,Kids
44169,Kids
46354,Kids
47883,Kids
48165,Kids
48166,Kids
46907,Kids
47703,Kids
45460,Kids
45360,
19901,Shounen
45449,Kids
48517,Kids
20083,
45738,Kids
45978,Kids
45736,Kids
45734,Kids
45740,Kids
45735,Kids
45747,Kids
45749,Kids
45748,Kids
45743,Kids
34309,
45741,Kids
45733,Kids
45737,Kids
45746,Kids
45739,Kids
45744,Kids
44441,Kids
44440,Kids
44444,Kids
44445,Kids
44446,Kids
44447,Kids
47462,Kids
8478,Kids
20009,Kids
45754,Kids
47345,Kids
46057,Kids
46746,Kids
31555,
52030,
45975,Kids
46278,Kids
36740,Kids
56345,
39356,Kids
45909,Kids
33727,Kids
46098,Kids
46425,Kids
23737,Kids
48172,Kids
48169,Kids
48170,Kids
54128,Kids
47494,Kids
51037,Kids
46652,Kids
52460,Kids
54762,Kids
44810,Kids
44811,Kids
44812,Kids
44813,Kids
47072,Kids
46281,Kids
47073,Kids
47959,Kids
46978,Kids
45991,Kids
46276,Kids
8179,
20201,
25059,Kids
40368,Kids
28087,Kids
47585,Kids
27369,Kids
40487,
30026,Kids
21491,
3243,Seinen
45704,
48289,Kids
45194,Kids
22999,
46346,Kids
48307,Kids
44736,
44737,
47023,Kids
46279,Kids
43946,Kids
18573,Kids
45967,Kids
46291,Kids
46157,Kids
46597,Kids
46938,
43865,Kids
47215,Kids
47939,Kids
45874,Kids
46627,Kids
47078,Kids
47136,Kids
47581,
46920,Kids
46921,Kids
45365,
41494,
33671,
33792,Kids
43859,Kids
48086,Kids
46688,Kids
46689,Kids
34358,Kids
46690,Kids
46691,Kids
46692,Kids
44890,Kids
46693,Kids
46180,
46392,Kids
19997,Shounen
18005,
35319,
46767,Kids
46991,Kids
46595,Kids
46065,Kids
45177,Kids
45178,Kids
45179,Kids
10997,
23973,Kids
29846,Kids
30342,Kids
30121,Kids
30118,Kids
17623,Kids
5594,Kids
9949,
40273,
36506,Kids
45243,Kids
47344,Kids
48325,Kids
25809,
48133,Kids
34488,Kids
47583,Kids
20199,Kids
20755,Kids
52815,
16908,
31753,Kids
10995,
44494,Kids
46218,Kids
46621,Kids
44293,
44300,
44298,
44297,
46505,Kids
45742,Kids
20115,
47109,Kids
48326,Kids
49070,Kids
48134,Kids
48135,Kids
47122,Kids
49116,Kids
48349,Kids
48763,Kids
10953,Kids
39664,Kids
19501,
34701,Kids
35962,Kids
55020,Kids
31692,
22669,Kids
40299,Kids
7177,
46244,Kids
10856,Kids
47698,Kids
46408,Kids
41117,
27521,
33290,
30602,
19457,Kids
21981,Kids
48096,Kids
15897,Kids
46280,Kids
36552,Kids
31078,
43854,Kids
47556,Kids
45333,Kids
45334,Kids
46121,Kids
46120,Kids
46123,Kids
46125,Kids
43914,Kids
48072,Kids
47276,Kids
47203,Kids
46506,Kids
45963,Kids
45816,Kids
47173,Kids
17613,Kids
43949,Kids
44280,Kids
54216,
44282,Kids
44283,Kids
44285,Kids
48029,Kids
46240,Kids
44901,Kids
44278,Kids
44279,Kids
46467,Kids
47565,Kids
47551,Kids
44188,Kids
48083,Kids
26089,Kids
45944,Kids
46472,Kids
48137,Kids
45209,
48215,Kids
47558,Kids
46132,Kids
46137,Kids
46133,Kids
46134,Kids
46135,Kids
46136,Kids
46138,Kids
46139,Kids
45242,Kids
45524,Kids
43947,Kids
45229,Kids
45230,Kids
45231,Kids
43958,Kids
43959,Kids
9533,Kids
45687,Kids
47538,Kids
47812,Kids
47813,Kids
46566,Kids
15873,
46442,Kids
29507,Kids
46274,Kids
20239,Seinen
9811,Shounen
46152,Kids
46153,Kids
46956,Kids
34831,
48324,Kids
46427,Kids
46542,Kids
44743,Kids
46526,Kids
45344,Kids
45345,Kids
45347,Kids
30411,
3251,Kids
10539,
47206,Kids
46743,Kids
44708,Kids
48088,Kids
44709,Kids
44711,Kids
44710,Kids
45470,Kids
45471,Kids
24465,Kids
56277,Kids
56300,Kids
56305,Kids
56306,Kids
56307,Kids
56308,Kids
56279,Kids
56280,Kids
56282,Kids
56283,Kids
56297,Kids
56299,Kids
56303,Kids
56304,Kids
37942,Kids
37944,Kids
37263,
47243,Kids
47244,Kids
46064,
45350,
11203,Kids
56356,Kids
56357,Kids
15479,Kids
45916,Kids
30470,
22821,
13459,
36231,
21549,
46499,Kids
43860,Kids
46500,Kids
45773,Kids
39130,Kids
44363,Kids
20003,
39121,Kids
39138,Kids
39133,Kids
39136,Kids
39122,Kids
39123,Kids
39125,Kids
39139,Kids
39124,Kids
39137,Kids
39126,Kids
39129,Kids
39128,Kids
39140,Kids
39127,
39131,Kids
46055,Kids
47506,Kids
46066,Kids
30138,
45834,Kids
53090,
8191,
44639,Kids
48076,Kids
46513,Kids
44487,Kids
47744,Kids
47521,Kids
45485,
29471,Kids
46359,
45962,Kids
47571,Kids
45893,Kids
45699,Kids
47089,Kids
46074,Kids
46075,Kids
44749,Kids
47278,Kids
46549,Kids
46485,Kids
47776,Kids
46889,Kids
44374,Kids
46169,Kids
47957,Kids
3414,
47564,Kids
21483,
45683,Kids
45764,Kids
45756,Kids
45765,Kids
45762,Kids
45755,Kids
45763,Kids
45766,Kids
45757,Kids
45759,Kids
45758,Kids
38538,Kids
38537,Kids
45760,Kids
19681,Kids
9902,Kids
48770,
51154,Kids
37951,Kids
53408,Kids
51839,Kids
20079,
20081,
21053,
54847,
19965,
48318,
50600,Kids
11421,Kids
20025,Kids
48311,Kids
54227,Kids
48309,Kids
48317,Kids
48280,Kids
29367,Kids
24041,
48321,Kids
46260,Kids
47477,Kids
45681,Kids
45682,Kids
42765,
46440,Kids
42766,
42740,
48021,Kids
47992,Kids
45919,Kids
45490,Kids
43861,Kids
46256,
47145,Kids
47740,Kids
46687,
46319,Kids
47320,Kids
47662,Kids
46475,Kids
46288,Kids
43830,Kids
46117,Kids
45965,Kids
47296,Kids
45679,Kids
47297,Kids
45980,Kids
45690,Kids
47067,Kids
55105,
47954,Kids
46211,Kids
6701,Kids
47855,Kids
47070,Kids
38881,Shounen
46414,Kids
47945,
46531,Kids
49960,Kids
46446,Kids
46295,Kids
46371,Kids
45761,Kids
45922,Kids
46502,Kids
43808,Kids
44399,Kids
46179,Kids
47701,Kids
45883,Kids
46345,Kids
42033,Kids
42146,Kids
42144,Kids
46207,Kids
46318,Kids
45133,
44351,
43825,Kids
46060,Kids
47063,Kids
47532,
47534,
47533,
45968,Kids
33267,
45780,
46411,Kids
46556,Kids
46553,Kids
46554,Kids
46555,Kids
47888,Kids
46478,
47104,
46341,Kids
44452,Kids
47367,Kids
48073,Kids
47850,Kids
47851,Kids
45482,
44974,Kids
44975,Kids
44976,Kids
44977,Kids
45298,Kids
46646,Kids
45439,Kids
45437,Kids
45436,Kids
45438,Kids
28145,
48322,Kids
39679,Kids
45702,Kids
48067,Kids
45882,Kids
46742,Kids
11857,Shounen
22997,
46525,Kids
46524,Kids
44911,Kids
44031,Kids
46445,Kids
29748,Kids
29746,
38010,
19981,
29529,Kids
10236,Kids
39628,Kids
19087,Kids
41813,Kids
44103,Kids
44110,Kids
44104,Kids
44105,Kids
44108,Kids
44111,Kids
44109,Kids
44112,Kids
44114,Kids
44123,Kids
44118,Kids
44117,Kids
44122,Kids
44116,Kids
44119,Kids
44115,Kids
44121,Kids
47530,Kids
46405,Kids
46309,Kids
43943,Kids
46529,Kids
46390,Kids
47484,Kids
45730,Kids
45974,Kids
19505,
45409,Kids
46241,Kids
46522,Kids
41116,
41118,
45911,Kids
19993,Kids
10541,
30151,
45493,Kids
46325,Kids
43416,
20123,
29489,Kids
20127,Seinen
9371,Kids
47569,Kids
27723,Kids
39007,
10797,
47797,Kids
39040,
35695,Kids
46053,Kids
45173,Kids
45174,Kids
47936,Kids
44984,Kids
37359,
46456,Kids
34666,Kids
34665,Kids
29433,Kids
34667,Kids
45794,Kids
46253,Kids
22651,Kids
8244,Kids
44171,Kids
46953,Kids
46142,Kids
10237,Kids
49221,Kids
48342,Kids
49664,
34233,Kids
19995,
44702,
48341,Kids
36073,
41156,
29836,Kids
38094,Kids
38631,Kids
51752,Kids
53021,Kids
48141,Kids
48144,Kids
48142,Kids
35365,Kids
48143,Kids
35364,Kids
56358,Kids
49121,Kids
48148,Kids
30048,Kids
46407,Kids
48145,Kids
42083,Shoujo
34643,Kids
47024,Kids
23829,
29738,
45102,
35920,Kids
45898,Kids
46540,Kids
46541,Kids
41416,Kids
42263,Kids
42264,Kids
44403,Kids
45417,Kids
45881,Kids
46185,
43966,Kids
47702,Kids
35696,Kids
30129,Kids
17599,Kids
50142,Kids
7189,
8595,Kids
52390,
47893,Kids
48070,Kids
46005,Kids
45501,Kids
47693,Kids
47687,Kids
47691,Kids
47694,Kids
47685,Kids
47688,Kids
47692,Kids
47689,Kids
47695,Kids
47690,Kids
47686,Kids
46050,Kids
43678,Kids
45361,
46360,Kids
45339,
46570,Kids
46575,Kids
46576,Kids
46573,Kids
46574,Kids
46571,Kids
46572,Kids
45684,Kids
46602,Kids
45355,
45356,
45357,
45358,
45363,
45216,Kids
45906,Kids
46695,Kids
47770,Kids
47773,Kids
47772,Kids
47771,Kids
47150,Kids
47151,Kids
46635,Kids
45520,
45517,Kids
45521,Kids
45519,Kids
45362,
45359,
46512,Kids
48011,Kids
46045,Kids
45678,Kids
45246,Kids
45262,Kids
45263,Kids
45304,Kids
45283,Kids
46353,Kids
46944,Kids
46945,Kids
46947,Kids
46559,Kids
46950,Kids
24797,
46376,
46404,Kids
48339,Kids
45709,Kids
45708,Kids
45710,Kids
45260,Kids
48338,Kids
17669,
44854,Kids
5809,Kids
37325,
22465,Kids
38121,Kids
19325,Kids
51085,
39003,
20603,
36486,Kids
37472,Kids
36551,Kids
40953,Kids
42179,Kids
46297,Kids
46289,Kids
43311,Kids
43312,Kids
47119,Kids
46037,Kids
46038,Kids
47809,
46704,Kids
45188,Kids
52371,
52369,
52370,
45328,Kids
43448,Kids
46998,Kids
46999,Kids
46997,Kids
46190,Kids
46311,Kids
46314,Kids
46313,Kids
46312,Kids
43613,Kids
48059,Kids
46366,Kids
47025,Kids
44385,Kids
43303,Kids
47849,Kids
47967,Kids
46603,Kids
45796,Kids
45797,Kids
45795,Kids
45793,Kids
29003,
41160,Kids
41159,Kids
31054,
46039,Kids
45204,Kids
46051,Kids
24875,Kids
47234,Kids
46514,
56482,Kids
56483,Kids
47321,Kids
47322,Kids
48107,Kids
45870,Kids
47302,Kids
44035,Kids
47066,Kids
13179,
35476,Kids
42852,
47021,Kids
29421,Kids
46270,Kids
17102,Kids
46702,Kids
44653,Kids
46993,Kids
46994,Kids
45176,Kids
46623,Kids
45958,Kids
45960,Kids
45959,Kids
45908,Kids
46374,Kids
48192,Kids
53673,Kids
45931,Kids
45973,
44705,Kids
46527,Kids
45821,Kids
45822,Kids
45823,Kids
45825,Kids
45826,Kids
45828,Kids
46308,Kids
45017,
44779,Kids
52471,Kids
49326,
50997,
50998,
39685,Kids
39686,Kids
30057,
48193,Kids
27965,Kids
56410,Kids
56411,Kids
51753,Kids
52463,
48198,Kids
56463,
48197,Kids
45455,
45451,Kids
45454,Kids
45453,Kids
45827,Kids
45988,
46904,Kids
47101,Kids
46324,Kids
30906,Kids
38167,Kids
38166,Kids
53011,
55195,
47488,Kids
46796,Kids
46795,Kids
47956,Kids
39119,Kids
23001,
20231,Kids
10709,Seinen
22509,
46917,Kids
37560,Seinen
38776,
47520,Kids
45907,Kids
45401,Kids
45402,Kids
45403,Kids
47546,Kids
45728,Kids
44753,Kids
44755,Kids
44756,Kids
47879,Kids
47880,Kids
47251,Kids
47476,Kids
46837,Kids
19873,Shounen
40939,
48195,Kids
33383,
56487,
47022,Kids
10239,Kids
48391,
43356,Kids
9821,Kids
48208,Kids
56272,Kids
56274,Kids
45878,Kids
44176,Kids
47885,Kids
46013,Kids
30027,Kids
45049,Kids
45050,Kids
45051,Kids
46435,Kids
46434,Kids
46433,Kids
43348,Kids
47841,Kids
47138,Kids
47343,Kids
46786,Kids
47708,Kids
47378,Kids
47379,Kids
47380,Kids
46731,Kids
46732,
44167,
45141,Kids
37428,Kids
45801,Kids
45799,Kids
45800,Kids
45802,Kids
45341,Kids
45327,Kids
44434,Kids
47093,Kids
47655,Kids
45201,
47258,Kids
47259,Kids
47079,Kids
11733,
48202,Kids
48200,Kids
56575,Kids
48203,Kids
46172,Kids
47884,Kids
48046,Kids
48047,Kids
46054,Kids
53320,
44182,Kids
47179,Kids
46955,Kids
29385,Kids
47338,Kids
22755,
14623,Kids
7751,
38092,Kids
33946,
46292,Kids
56499,
44668,Kids
32402,
44679,
46521,Kids
53910,Kids
46785,Kids
35317,
35799,Kids
46846,Kids
47213,Kids
47763,Kids
5374,Kids
48207,Kids
44488,Kids
45904,Kids
45197,Kids
46220,Kids
46221,Kids
46223,Kids
46224,Kids
45886,Kids
45431,Kids
13503,
47837,Kids
13505,
46939,Kids
44878,Kids
44877,Kids
44876,Kids
47842,Kids
48050,Kids
47325,Kids
45897,Kids
43672,Kids
48017,Kids
43871,Kids
46854,Kids
46855,Kids
46856,Kids
44863,Kids
44162,Kids
44163,Kids
44164,Kids
45473,Kids
29387,Kids
22893,Shoujo
31924,Kids
41667,Kids
35699,Kids
30117,Kids
29427,Kids
20173,Kids
12613,Kids
43778,Kids
50193,Kids
20001,Kids
12391,Kids
39029,
44469,Kids
45790,Kids
44471,Kids
44472,Kids
44470,Kids
2735,
46299,Kids
48206,Kids
40832,
54667,Kids
45369,Kids
45370,Kids
46745,Kids
46348,Kids
47128,Kids
23799,Kids
45348,Kids
47944,Kids
49961,Kids
33479,
54293,Kids
33599,
45818,
56475,Kids
29371,Kids
56359,Kids
48156,Kids
48155,Kids
56477,Kids
48151,Kids
52744,Kids
48154,Kids
48153,
37941,Kids
27551,Kids
46126,Kids
32876,Kids
36881,
33583,Kids
40406,Kids
40407,Kids
40408,Kids
56105,
27943,
32136,
48157,
5184,
31361,
34207,Kids
48790,Kids
50052,Kids
33398,
41404,Kids
23555,Kids
36981,Kids
31562,Kids
35478,
35444,
53087,
29844,
30409,Kids
48094,Kids
45720,Kids
20027,Kids
12181,
34182,Kids
20077,
34264,Kids
35106,Kids
35108,Kids
9455,Shounen
48159,Kids
45915,Kids
46378,Kids
21019,Kids
48174,Kids
23013,
5089,
31019,
41384,Kids
29740,Kids
22585,
37927,
24845,
24403,
30144,
52319,Kids
56498,
34363,Kids
56588,
9070,
18469,
48295,Kids
25139,Shounen
29431,Kids
38363,
34234,Kids
35698,Kids
37780,
17624,
41114,
2742,Kids
53035,
29435,Kids
56468,
41276,Kids
20085,
46070,Kids
41349,
53651,
53652,
37559,
45946,Kids
41458,Kids
53019,
54052,
35656,Kids
41776,Kids
41778,Kids
41777,Kids
48486,Kids
50799,Kids
53514,Kids
20023,
30025,Kids
23011,
33414,
36002,
35372,Kids
43853,Kids
29399,Kids
28089,Kids
13165,Kids
48061,Kids
49968,Kids
46204,Kids
38099,Kids
47349,Kids
47170,Kids
47169,Kids
13463,Kids
29487,Kids
48034,Kids
32842,Kids
35112,Kids
30417,Kids
33002,Kids
33842,Kids
56476,Kids
25503,Kids
47892,Kids
31640,Kids
47807,
46413,Kids
56412,Kids
56413,Kids
56414,Kids
47113,Kids
24121,Kids
33310,
23607,Kids
23607,Shounen
47111,Kids
46740,Kids
10855,Kids
40087,Kids
23347,Kids
37244,Kids
26163,Kids
32660,
43642,Kids
45222,Kids
45221,Kids
31237,
45223,Kids
47293,Kids
31464,
44465,Kids
20005,
46228,
17423,
54291,Kids
47894,Kids
47898,Kids
47895,Kids
47897,Kids
47806,Kids
53116,
34235,Kids
40089,
48594,Kids
33835,
35963,
25609,Kids
25611,Kids
25615,Kids
41101,Kids
53089,
46144,Kids
53830,Kids
48245,Kids
48250,Kids
27461,Kids
56360,Kids
56361,Kids
38612,Kids
44676,Kids
48231,Kids
56409,Kids
37752,Kids
16650,Kids
48273,Kids
37686,Kids
52935,Kids
53115,
9426,Kids
11589,
44860,Kids
44861,Kids
42922,Kids
46424,Kids
45770,Kids
47239,Kids
45820,Kids
48032,Kids
49992,Kids
43941,Kids
48080,Kids
49971,Kids
47526,Kids
45824,Kids
46268,Kids
46579,Kids
46577,Kids
46580,Kids
46582,Kids
46578,Kids
46581,Kids
45829,Kids
46423,Kids
47828,Kids
47829,Kids
48089,Kids
46148,Kids
47978,Kids
47019,Kids
45986,Kids
47272,Kids
47126,Kids
47127,Kids
47125,Kids
8195,Kids
47124,Kids
46694,Kids
45815,Kids
47552,Kids
47570,Kids
46016,Kids
48049,Kids
46827,Kids
47968,Kids
56151,
46616,Kids
44132,
44133,
48028,Kids
45719,Kids
46625,Kids
46212,
46173,Kids
46175,Kids
44179,
46302,Kids
44366,Kids
44369,Kids
45078,Kids
46068,Kids
45994,Kids
45964,Kids
46410,Kids
18937,Kids
47925,Kids
46229,Kids
44583,
41277,Kids
55087,Kids
47097,Kids
46532,Kids
16526,
46879,Kids
46881,Kids
46880,Kids
52066,Kids
38451,Kids
45404,Kids
43843,Kids
47002,Kids
11545,
19467,
46861,Kids
46860,Kids
9807,Kids
46859,Kids
46857,Kids
46936,Kids
3372,
34841,
38008,
6195,
3073,Kids
23015,Kids
15069,Kids
42654,Kids
42660,Kids
56368,Kids
4547,
20147,Kids
29375,Kids
39691,Kids
48189,Kids
44777,Kids
44778,Kids
44782,Kids
44781,Kids
7211,
45660,Kids
45661,Kids
45662,Kids
44349,Kids
45664,Kids
45668,Kids
45667,Kids
45676,Kids
36036,Kids
46432,Kids
45512,Kids
45509,Kids
45502,Kids
45504,Kids
45505,Kids
45508,Kids
45511,Kids
45506,Kids
45513,Kids
45507,Kids
45503,Kids
45510,Kids
45434,Kids
45435,Kids
45433,Kids
31547,
8685,
4940,
53828,
56677,
48253,Kids
47800,Kids
44153,Kids
49920,Kids
44144,Kids
44145,Kids
44146,Kids
44147,Kids
44148,Kids
44149,Kids
44151,Kids
44152,Kids
47762,Kids
5810,
52337,
54848,
45892,Kids
31691,Kids
43253,Kids
43256,Kids
43257,Kids
43255,Kids
43967,Kids
47646,Kids
47647,Kids
47648,Kids
47649,Kids
44909,Kids
39135,Kids
46023,Kids
46028,Kids
46035,Kids
46032,Kids
46026,Kids
46029,Kids
46036,Kids
46025,Kids
46027,Kids
46033,Kids
46024,Kids
46034,Kids
46030,Kids
46031,Kids
47976,Kids
38147,
47830,Kids
46290,Kids
45480,Kids
27681,
4684,Kids
46339,Kids
35641,Kids
42482,
30028,Kids
25607,
47285,Kids
46567,Kids
46261,Kids
46369,Kids
34456,
37054,
48255,Kids
28887,
48254,Kids
46049,Kids
35508,Kids
47460,Kids
46637,Kids
47946,Kids
47496,Kids
47495,Kids
46902,Kids
45835,Kids
45838,Kids
45837,Kids
45844,Kids
45845,Kids
45839,Kids
45843,Kids
46909,Kids
43450,Kids
36015,
44175,Kids
47105,Kids
46918,Kids
45889,Kids
46528,Kids
45718,Kids
44413,Kids
44424,Kids
44421,Kids
44422,Kids
44426,Kids
44416,Kids
44423,Kids
44415,Kids
44417,Kids
44419,Kids
44414,Kids
44425,Kids
44418,Kids
44420,Kids
46462,Kids
46520,Kids
9518,
46703,Kids
47507,Kids
44689,Kids
44692,Kids
44370,Kids
46934,Kids
44489,Kids
44490,Kids
43954,Kids
45459,Kids
45751,Kids
41415,Kids
44393,Kids
44394,Kids
44395,Kids
44396,Kids
47011,Kids
45214,
46252,Kids
46145,Kids
46503,Kids
46967,Kids
47304,Kids
46216,Kids
46217,Kids
46214,Kids
46362,Kids
45104,Kids
45208,Kids
45879,Kids
44464,Kids
47673,Kids
44477,Kids
44478,Kids
47848,Kids
46361,Kids
46426,Kids
46949,Kids
46072,Kids
46073,Kids
47085,Kids
47580,Kids
56560,Kids
45850,Kids
48082,Kids
47568,Kids
45430,Kids
46683,Kids
46340,Kids
43676,Kids
46203,Kids
46332,Kids
46331,Kids
46334,Kids
46329,Kids
46330,Kids
46882,Kids
48037,Kids
47952,Kids
46078,Kids
10506,
1739,Kids
48442,
36736,Kids
46201,Kids
47191,Kids
48009,Kids
45469,
33538,Seinen
33540,Seinen
18939,Kids
18941,Kids
37714,Kids
35107,Kids
54871,
17315,Kids
22313,
56505,
10633,
29401,Kids
29389,Kids
47933,Kids
46659,Kids
47120,Kids
46307,Kids
8832,
7639,
20223,Shounen
44495,Kids
48019,Kids
44496,Kids
46453,Kids
43892,Kids
45442,Kids
45440,Kids
45441,Kids
45443,Kids
46892,Kids
46271,Kids
44475,Kids
44958,Kids
48084,Kids
46457,Kids
45538,Kids
45532,Kids
45537,Kids
45552,Kids
45535,Kids
45540,Kids
45533,Kids
45549,Kids
45551,Kids
45534,Kids
45884,Kids
45543,Kids
45536,Kids
49065,Kids
45548,Kids
45545,Kids
45541,Kids
45547,Kids
45539,Kids
10889,
47899,Kids
45983,Kids
45080,Kids
43662,Kids
48078,Kids
49970,Kids
46356,
55977,Seinen
46817,Kids
45696,Kids
45697,Kids
45698,Kids
46373,Kids
45810,Kids
47671,Kids
47286,Kids
29527,Kids
48262,Kids
1863,
48264,Kids
48266,Kids
56290,Kids
55047,Kids
28019,Kids
19987,Kids
19999,Kids
8143,
48256,Kids
44014,Kids
46711,Kids
11609,
47749,Kids
6500,Seinen
7593,Seinen
8861,
10073,Seinen
30385,
33834,
34019,
39469,
40010,
40436,
40750,
41946,Shounen
44524,
50348,
51212,Shounen
